User_Text,Sentiment_Label,Recommended_Song_ID,Song_Name,Artist,Genre,Tempo_BPM,Mood,Energy,Danceability
Way ball purpose public experience recently realize too.,Sad,S1,Someone Like You,Adele,Pop,67,Melancholic,Low,Low
Save officer two myself a.,Happy,S2,Happy,Pharrell Williams,Pop,160,Joyful,High,High
Decade ahead everyone environment themselves action health.,Relaxed,S3,Clair de Lune,Debussy,Classical,60,Soothing,Low,Low
Best change letter citizen try ask quality process.,Happy,S4,Happy,Pharrell Williams,Pop,160,Joyful,High,High
Worker player chance kind actually.,Happy,S5,Happy,Pharrell Williams,Pop,160,Joyful,High,High
Produce prove hot personal ago.,Motivated,S6,Eye of the Tiger,Survivor,Rock,109,Energetic,High,Medium
Culture soldier night never song dream.,Sad,S7,Someone Like You,Adele,Pop,67,Melancholic,Low,Low
Expect order very.,Sad,S8,Someone Like You,Adele,Pop,67,Melancholic,Low,Low
Clearly though film address stock Mr specific.,Motivated,S9,Eye of the Tiger,Survivor,Rock,109,Energetic,High,Medium
Market school sense expert blue mention nor risk.,Sad,S10,Fix You,Coldplay,Rock,75,Emotional,Low,Medium
Until drive realize.,Motivated,S11,Stronger,Kanye West,Hip-Hop,130,Powerful,High,High
Staff life identify.,Happy,S12,Uptown Funk,Bruno Mars,Funk,115,Energetic,High,High
Present strong people add believe message sign.,Happy,S13,Uptown Funk,Bruno Mars,Funk,115,Energetic,High,High
Left quality wish may lose forward right.,Sad,S14,Fix You,Coldplay,Rock,75,Emotional,Low,Medium
Customer share score Republican marriage guy.,Relaxed,S15,Weightless,Marconi Union,Ambient,50,Calm,Low,Low
Even hotel notice of condition.,Happy,S16,Happy,Pharrell Williams,Pop,160,Joyful,High,High
Receive these like television.,Relaxed,S17,Weightless,Marconi Union,Ambient,50,Calm,Low,Low
Policy school address or.,Sad,S18,Someone Like You,Adele,Pop,67,Melancholic,Low,Low
Particular draw easy most across drive machine.,Relaxed,S19,Clair de Lune,Debussy,Classical,60,Soothing,Low,Low
Owner blood them.,Happy,S20,Uptown Funk,Bruno Mars,Funk,115,Energetic,High,High
Safe education culture seven budget.,Happy,S21,Happy,Pharrell Williams,Pop,160,Joyful,High,High
Water budget debate do bring gas magazine.,Relaxed,S22,Clair de Lune,Debussy,Classical,60,Soothing,Low,Low
When east business place strong him.,Motivated,S23,Stronger,Kanye West,Hip-Hop,130,Powerful,High,High
Edge spring stand story life.,Sad,S24,Someone Like You,Adele,Pop,67,Melancholic,Low,Low
Article control world admit.,Relaxed,S25,Weightless,Marconi Union,Ambient,50,Calm,Low,Low
With score personal.,Motivated,S26,Stronger,Kanye West,Hip-Hop,130,Powerful,High,High
Natural for growth performance.,Sad,S27,Fix You,Coldplay,Rock,75,Emotional,Low,Medium
Wear food painting and.,Motivated,S28,Eye of the Tiger,Survivor,Rock,109,Energetic,High,Medium
South traditional certainly upon team.,Motivated,S29,Eye of the Tiger,Survivor,Rock,109,Energetic,High,Medium
Down see owner impact artist still.,Motivated,S30,Stronger,Kanye West,Hip-Hop,130,Powerful,High,High
Enough fight lay arm.,Relaxed,S31,Clair de Lune,Debussy,Classical,60,Soothing,Low,Low
Condition language standard happy daughter cost west between.,Motivated,S32,Eye of the Tiger,Survivor,Rock,109,Energetic,High,Medium
As get together toward level yes member away.,Relaxed,S33,Clair de Lune,Debussy,Classical,60,Soothing,Low,Low
Put development threat house news direction our.,Motivated,S34,Eye of the Tiger,Survivor,Rock,109,Energetic,High,Medium
Its peace yet.,Happy,S35,Happy,Pharrell Williams,Pop,160,Joyful,High,High
Once rather soldier family just.,Relaxed,S36,Clair de Lune,Debussy,Classical,60,Soothing,Low,Low
Enough police tree reflect peace.,Sad,S37,Fix You,Coldplay,Rock,75,Emotional,Low,Medium
Him somebody statement project.,Relaxed,S38,Clair de Lune,Debussy,Classical,60,Soothing,Low,Low
Impact court its author.,Motivated,S39,Eye of the Tiger,Survivor,Rock,109,Energetic,High,Medium
Use coach hand western.,Relaxed,S40,Weightless,Marconi Union,Ambient,50,Calm,Low,Low
Tonight government smile surface base party fire.,Sad,S41,Fix You,Coldplay,Rock,75,Emotional,Low,Medium
Mother choose light particular ability ahead yourself.,Happy,S42,Uptown Funk,Bruno Mars,Funk,115,Energetic,High,High
Total manager who leg hotel if language Mrs.,Sad,S43,Someone Like You,Adele,Pop,67,Melancholic,Low,Low
Process already author she management require there help.,Sad,S44,Someone Like You,Adele,Pop,67,Melancholic,Low,Low
Drive wait receive population.,Happy,S45,Uptown Funk,Bruno Mars,Funk,115,Energetic,High,High
Truth art control attack development.,Happy,S46,Uptown Funk,Bruno Mars,Funk,115,Energetic,High,High
Strategy sell drive already.,Relaxed,S47,Clair de Lune,Debussy,Classical,60,Soothing,Low,Low
Key traditional manager woman very Congress.,Relaxed,S48,Clair de Lune,Debussy,Classical,60,Soothing,Low,Low
House prepare tree ahead may special not teach.,Relaxed,S49,Weightless,Marconi Union,Ambient,50,Calm,Low,Low
Down position help any contain easy girl.,Sad,S50,Fix You,Coldplay,Rock,75,Emotional,Low,Medium
Wish point color produce product lead.,Relaxed,S51,Clair de Lune,Debussy,Classical,60,Soothing,Low,Low
Throughout read simple traditional whole better physical.,Motivated,S52,Eye of the Tiger,Survivor,Rock,109,Energetic,High,Medium
Rise interesting cultural fire think probably.,Happy,S53,Uptown Funk,Bruno Mars,Funk,115,Energetic,High,High
Write they key on history already such movie.,Sad,S54,Fix You,Coldplay,Rock,75,Emotional,Low,Medium
Treatment item four economy trade start.,Motivated,S55,Stronger,Kanye West,Hip-Hop,130,Powerful,High,High
Cover class deep system guy forward point bill.,Sad,S56,Someone Like You,Adele,Pop,67,Melancholic,Low,Low
Behind anyone production check side find care require.,Sad,S57,Fix You,Coldplay,Rock,75,Emotional,Low,Medium
Force yet others certainly prove.,Happy,S58,Happy,Pharrell Williams,Pop,160,Joyful,High,High
Inside would feeling year oil.,Sad,S59,Someone Like You,Adele,Pop,67,Melancholic,Low,Low
Benefit million hold us management information.,Sad,S60,Fix You,Coldplay,Rock,75,Emotional,Low,Medium
Expect through year first five.,Motivated,S61,Stronger,Kanye West,Hip-Hop,130,Powerful,High,High
Sense teach understand agreement.,Sad,S62,Someone Like You,Adele,Pop,67,Melancholic,Low,Low
Million stock each talk.,Relaxed,S63,Clair de Lune,Debussy,Classical,60,Soothing,Low,Low
Pay stage middle along trial international condition.,Motivated,S64,Eye of the Tiger,Survivor,Rock,109,Energetic,High,Medium
Us note value much.,Motivated,S65,Eye of the Tiger,Survivor,Rock,109,Energetic,High,Medium
Stock yard move ok.,Sad,S66,Fix You,Coldplay,Rock,75,Emotional,Low,Medium
View perhaps sense put admit choose.,Relaxed,S67,Clair de Lune,Debussy,Classical,60,Soothing,Low,Low
Sister address during true hospital.,Happy,S68,Happy,Pharrell Williams,Pop,160,Joyful,High,High
Condition glass real check keep Congress.,Relaxed,S69,Weightless,Marconi Union,Ambient,50,Calm,Low,Low
Lot behavior up save far health.,Motivated,S70,Stronger,Kanye West,Hip-Hop,130,Powerful,High,High
Tax four buy on yeah culture model.,Happy,S71,Uptown Funk,Bruno Mars,Funk,115,Energetic,High,High
Speak laugh shoulder maybe good.,Relaxed,S72,Weightless,Marconi Union,Ambient,50,Calm,Low,Low
Decision past institution radio.,Relaxed,S73,Weightless,Marconi Union,Ambient,50,Calm,Low,Low
Catch yard study moment whether science low.,Motivated,S74,Eye of the Tiger,Survivor,Rock,109,Energetic,High,Medium
Beat heavy read clear.,Happy,S75,Uptown Funk,Bruno Mars,Funk,115,Energetic,High,High
Phone leg month.,Sad,S76,Fix You,Coldplay,Rock,75,Emotional,Low,Medium
Drive memory campaign ask car man baby.,Happy,S77,Happy,Pharrell Williams,Pop,160,Joyful,High,High
Might such eight source response.,Motivated,S78,Eye of the Tiger,Survivor,Rock,109,Energetic,High,Medium
Professional occur clear wrong hotel after actually see.,Sad,S79,Fix You,Coldplay,Rock,75,Emotional,Low,Medium
Effort local family receive.,Happy,S80,Uptown Funk,Bruno Mars,Funk,115,Energetic,High,High
Step budget education scene yourself answer.,Sad,S81,Fix You,Coldplay,Rock,75,Emotional,Low,Medium
Her next they decade over.,Sad,S82,Fix You,Coldplay,Rock,75,Emotional,Low,Medium
Knowledge base price dream among.,Motivated,S83,Eye of the Tiger,Survivor,Rock,109,Energetic,High,Medium
Know and interview land on figure ability.,Motivated,S84,Eye of the Tiger,Survivor,Rock,109,Energetic,High,Medium
Here life away president make win space.,Sad,S85,Fix You,Coldplay,Rock,75,Emotional,Low,Medium
Bar business lawyer grow city keep effort.,Motivated,S86,Stronger,Kanye West,Hip-Hop,130,Powerful,High,High
Game party hit behind.,Motivated,S87,Eye of the Tiger,Survivor,Rock,109,Energetic,High,Medium
Recent whole deal for hotel.,Happy,S88,Happy,Pharrell Williams,Pop,160,Joyful,High,High
Try woman condition prove.,Motivated,S89,Stronger,Kanye West,Hip-Hop,130,Powerful,High,High
That meet record.,Happy,S90,Uptown Funk,Bruno Mars,Funk,115,Energetic,High,High
All big song camera line between.,Happy,S91,Happy,Pharrell Williams,Pop,160,Joyful,High,High
Particularly team present yet grow by finish.,Happy,S92,Happy,Pharrell Williams,Pop,160,Joyful,High,High
Skin onto happen.,Motivated,S93,Eye of the Tiger,Survivor,Rock,109,Energetic,High,Medium
Election parent new member hot prepare open.,Sad,S94,Someone Like You,Adele,Pop,67,Melancholic,Low,Low
Ask return specific enough enjoy could national.,Relaxed,S95,Clair de Lune,Debussy,Classical,60,Soothing,Low,Low
Out seven but account world campaign.,Sad,S96,Someone Like You,Adele,Pop,67,Melancholic,Low,Low
Knowledge she hair coach need life.,Sad,S97,Fix You,Coldplay,Rock,75,Emotional,Low,Medium
Baby personal north.,Relaxed,S98,Clair de Lune,Debussy,Classical,60,Soothing,Low,Low
Energy cultural view data through.,Happy,S99,Uptown Funk,Bruno Mars,Funk,115,Energetic,High,High
Discuss could road his husband free building.,Happy,S100,Happy,Pharrell Williams,Pop,160,Joyful,High,High
Pick likely administration first must student really.,Happy,S101,Happy,Pharrell Williams,Pop,160,Joyful,High,High
Nature PM natural anyone discuss red.,Sad,S102,Someone Like You,Adele,Pop,67,Melancholic,Low,Low
Wind subject represent inside nature partner dark.,Relaxed,S103,Weightless,Marconi Union,Ambient,50,Calm,Low,Low
Issue both century there.,Sad,S104,Someone Like You,Adele,Pop,67,Melancholic,Low,Low
Art lead will and.,Happy,S105,Happy,Pharrell Williams,Pop,160,Joyful,High,High
Week keep upon beautiful foot seem.,Motivated,S106,Stronger,Kanye West,Hip-Hop,130,Powerful,High,High
Tend south gun.,Motivated,S107,Eye of the Tiger,Survivor,Rock,109,Energetic,High,Medium
Forget physical dark theory value job movie task.,Sad,S108,Fix You,Coldplay,Rock,75,Emotional,Low,Medium
Along note day mouth night sell theory.,Relaxed,S109,Weightless,Marconi Union,Ambient,50,Calm,Low,Low
Forward writer person.,Happy,S110,Happy,Pharrell Williams,Pop,160,Joyful,High,High
A heavy million level.,Motivated,S111,Stronger,Kanye West,Hip-Hop,130,Powerful,High,High
Financial majority edge military.,Happy,S112,Uptown Funk,Bruno Mars,Funk,115,Energetic,High,High
Among person yourself official image professor wait.,Sad,S113,Fix You,Coldplay,Rock,75,Emotional,Low,Medium
This total writer loss wife company any sometimes.,Happy,S114,Happy,Pharrell Williams,Pop,160,Joyful,High,High
Art somebody eat care.,Happy,S115,Uptown Funk,Bruno Mars,Funk,115,Energetic,High,High
Forward ground home various move husband.,Sad,S116,Someone Like You,Adele,Pop,67,Melancholic,Low,Low
Strong trade join scientist campaign.,Happy,S117,Happy,Pharrell Williams,Pop,160,Joyful,High,High
Society suffer card protect quality organization.,Sad,S118,Fix You,Coldplay,Rock,75,Emotional,Low,Medium
Subject bed receive business they think doctor.,Relaxed,S119,Clair de Lune,Debussy,Classical,60,Soothing,Low,Low
Cause accept data.,Sad,S120,Fix You,Coldplay,Rock,75,Emotional,Low,Medium
View best certain miss cup.,Sad,S121,Fix You,Coldplay,Rock,75,Emotional,Low,Medium
Set bill every detail.,Sad,S122,Fix You,Coldplay,Rock,75,Emotional,Low,Medium
Check character protect act sister.,Motivated,S123,Stronger,Kanye West,Hip-Hop,130,Powerful,High,High
Respond story career leg back result.,Relaxed,S124,Weightless,Marconi Union,Ambient,50,Calm,Low,Low
Like go think others allow television present among.,Relaxed,S125,Clair de Lune,Debussy,Classical,60,Soothing,Low,Low
Attorney later meet.,Relaxed,S126,Weightless,Marconi Union,Ambient,50,Calm,Low,Low
Power green use election.,Motivated,S127,Stronger,Kanye West,Hip-Hop,130,Powerful,High,High
Story artist several important.,Motivated,S128,Eye of the Tiger,Survivor,Rock,109,Energetic,High,Medium
Mind very case under range machine.,Relaxed,S129,Clair de Lune,Debussy,Classical,60,Soothing,Low,Low
First according interesting.,Relaxed,S130,Weightless,Marconi Union,Ambient,50,Calm,Low,Low
According go direction wish.,Motivated,S131,Stronger,Kanye West,Hip-Hop,130,Powerful,High,High
Yes bar team size.,Happy,S132,Happy,Pharrell Williams,Pop,160,Joyful,High,High
Space cup over exactly.,Happy,S133,Happy,Pharrell Williams,Pop,160,Joyful,High,High
Expert let growth hope heart service move.,Sad,S134,Someone Like You,Adele,Pop,67,Melancholic,Low,Low
Religious continue attack billion.,Motivated,S135,Eye of the Tiger,Survivor,Rock,109,Energetic,High,Medium
Stay admit design someone return data eye.,Motivated,S136,Stronger,Kanye West,Hip-Hop,130,Powerful,High,High
Here write world hear officer serious.,Happy,S137,Happy,Pharrell Williams,Pop,160,Joyful,High,High
Behavior look politics trip.,Happy,S138,Happy,Pharrell Williams,Pop,160,Joyful,High,High
Far me goal area more bad.,Sad,S139,Fix You,Coldplay,Rock,75,Emotional,Low,Medium
Old yeah speak interview clearly.,Happy,S140,Happy,Pharrell Williams,Pop,160,Joyful,High,High
Own use listen.,Happy,S141,Happy,Pharrell Williams,Pop,160,Joyful,High,High
For really employee.,Happy,S142,Uptown Funk,Bruno Mars,Funk,115,Energetic,High,High
Road will no most whether.,Sad,S143,Someone Like You,Adele,Pop,67,Melancholic,Low,Low
Quite prepare keep environment speech run.,Sad,S144,Fix You,Coldplay,Rock,75,Emotional,Low,Medium
Cut south serious sure dream detail within.,Motivated,S145,Eye of the Tiger,Survivor,Rock,109,Energetic,High,Medium
Worry movie your risk reach.,Motivated,S146,Stronger,Kanye West,Hip-Hop,130,Powerful,High,High
Yet believe control.,Relaxed,S147,Weightless,Marconi Union,Ambient,50,Calm,Low,Low
Out short reduce ahead.,Motivated,S148,Stronger,Kanye West,Hip-Hop,130,Powerful,High,High
Federal natural rule senior knowledge myself.,Sad,S149,Fix You,Coldplay,Rock,75,Emotional,Low,Medium
Of wait opportunity yeah send.,Motivated,S150,Eye of the Tiger,Survivor,Rock,109,Energetic,High,Medium
Them arrive population later land apply.,Relaxed,S151,Weightless,Marconi Union,Ambient,50,Calm,Low,Low
Yes garden local spring.,Relaxed,S152,Weightless,Marconi Union,Ambient,50,Calm,Low,Low
Republican poor same lead cause.,Happy,S153,Happy,Pharrell Williams,Pop,160,Joyful,High,High
Thank those eight physical attack stage old.,Happy,S154,Uptown Funk,Bruno Mars,Funk,115,Energetic,High,High
Individual financial interesting ball.,Motivated,S155,Stronger,Kanye West,Hip-Hop,130,Powerful,High,High
Sure trade throughout employee member.,Sad,S156,Someone Like You,Adele,Pop,67,Melancholic,Low,Low
Chair rise new state term rate.,Relaxed,S157,Clair de Lune,Debussy,Classical,60,Soothing,Low,Low
Weight feel produce.,Happy,S158,Uptown Funk,Bruno Mars,Funk,115,Energetic,High,High
West no how.,Motivated,S159,Stronger,Kanye West,Hip-Hop,130,Powerful,High,High
Option speech no Mr.,Happy,S160,Happy,Pharrell Williams,Pop,160,Joyful,High,High
Democrat crime imagine appear black field southern will.,Relaxed,S161,Clair de Lune,Debussy,Classical,60,Soothing,Low,Low
Effect sit cultural walk second discussion design behind.,Motivated,S162,Eye of the Tiger,Survivor,Rock,109,Energetic,High,Medium
Politics career just them.,Happy,S163,Uptown Funk,Bruno Mars,Funk,115,Energetic,High,High
Yes behind down if before.,Relaxed,S164,Weightless,Marconi Union,Ambient,50,Calm,Low,Low
Wrong represent father civil return benefit.,Sad,S165,Someone Like You,Adele,Pop,67,Melancholic,Low,Low
In book society its win.,Sad,S166,Fix You,Coldplay,Rock,75,Emotional,Low,Medium
Me the purpose yes other despite network.,Motivated,S167,Stronger,Kanye West,Hip-Hop,130,Powerful,High,High
Road always central long change drug.,Sad,S168,Someone Like You,Adele,Pop,67,Melancholic,Low,Low
Lay arrive little matter course quite.,Happy,S169,Happy,Pharrell Williams,Pop,160,Joyful,High,High
Attention often news leader.,Motivated,S170,Eye of the Tiger,Survivor,Rock,109,Energetic,High,Medium
Series summer Congress mouth onto.,Motivated,S171,Stronger,Kanye West,Hip-Hop,130,Powerful,High,High
Today large letter such.,Happy,S172,Uptown Funk,Bruno Mars,Funk,115,Energetic,High,High
Want sing site evening political health.,Motivated,S173,Eye of the Tiger,Survivor,Rock,109,Energetic,High,Medium
Child seek collection structure everything.,Happy,S174,Happy,Pharrell Williams,Pop,160,Joyful,High,High
Skill mean know beat design attention likely.,Happy,S175,Uptown Funk,Bruno Mars,Funk,115,Energetic,High,High
Possible church father medical future nor.,Relaxed,S176,Weightless,Marconi Union,Ambient,50,Calm,Low,Low
Great manager current star.,Motivated,S177,Eye of the Tiger,Survivor,Rock,109,Energetic,High,Medium
Happen build forward wait real.,Sad,S178,Fix You,Coldplay,Rock,75,Emotional,Low,Medium
Consider value leave sister think.,Happy,S179,Uptown Funk,Bruno Mars,Funk,115,Energetic,High,High
Kitchen left hot small woman evidence its over.,Motivated,S180,Eye of the Tiger,Survivor,Rock,109,Energetic,High,Medium
Media suggest write off itself ability.,Motivated,S181,Eye of the Tiger,Survivor,Rock,109,Energetic,High,Medium
Understand teacher ask most trial high miss what.,Sad,S182,Someone Like You,Adele,Pop,67,Melancholic,Low,Low
Make avoid myself room.,Happy,S183,Uptown Funk,Bruno Mars,Funk,115,Energetic,High,High
Close hard oil consumer discuss someone.,Relaxed,S184,Clair de Lune,Debussy,Classical,60,Soothing,Low,Low
Number fall future others.,Relaxed,S185,Weightless,Marconi Union,Ambient,50,Calm,Low,Low
Cultural others reality test.,Relaxed,S186,Clair de Lune,Debussy,Classical,60,Soothing,Low,Low
Enter scene help total rest peace.,Happy,S187,Uptown Funk,Bruno Mars,Funk,115,Energetic,High,High
Whatever would can admit technology college.,Happy,S188,Uptown Funk,Bruno Mars,Funk,115,Energetic,High,High
None country crime get couple claim body however.,Happy,S189,Happy,Pharrell Williams,Pop,160,Joyful,High,High
Medical fall senior half above.,Relaxed,S190,Clair de Lune,Debussy,Classical,60,Soothing,Low,Low
Public want sport successful trade debate watch interview.,Sad,S191,Fix You,Coldplay,Rock,75,Emotional,Low,Medium
Machine source artist.,Happy,S192,Happy,Pharrell Williams,Pop,160,Joyful,High,High
Game police your accept drug company before.,Motivated,S193,Stronger,Kanye West,Hip-Hop,130,Powerful,High,High
Time early movie.,Motivated,S194,Stronger,Kanye West,Hip-Hop,130,Powerful,High,High
Cell join girl seek no center movie.,Sad,S195,Fix You,Coldplay,Rock,75,Emotional,Low,Medium
Need tax these health defense billion remember.,Sad,S196,Fix You,Coldplay,Rock,75,Emotional,Low,Medium
Several allow their fight.,Happy,S197,Happy,Pharrell Williams,Pop,160,Joyful,High,High
Dog water town dog own add accept.,Happy,S198,Uptown Funk,Bruno Mars,Funk,115,Energetic,High,High
Kid newspaper he risk everything idea born.,Sad,S199,Someone Like You,Adele,Pop,67,Melancholic,Low,Low
Their yard seem civil worker term case.,Sad,S200,Someone Like You,Adele,Pop,67,Melancholic,Low,Low
Something condition government military policy rather.,Sad,S201,Fix You,Coldplay,Rock,75,Emotional,Low,Medium
Situation card recognize onto improve cultural.,Happy,S202,Happy,Pharrell Williams,Pop,160,Joyful,High,High
Doctor guy condition he.,Happy,S203,Uptown Funk,Bruno Mars,Funk,115,Energetic,High,High
Should response mother themselves born yeah.,Motivated,S204,Stronger,Kanye West,Hip-Hop,130,Powerful,High,High
Wait history sort them low price minute.,Happy,S205,Uptown Funk,Bruno Mars,Funk,115,Energetic,High,High
Person meet down something.,Sad,S206,Someone Like You,Adele,Pop,67,Melancholic,Low,Low
Investment challenge often year phone scientist away name.,Sad,S207,Someone Like You,Adele,Pop,67,Melancholic,Low,Low
Trade across husband other adult yeah three.,Sad,S208,Fix You,Coldplay,Rock,75,Emotional,Low,Medium
Organization product father over wrong international.,Motivated,S209,Eye of the Tiger,Survivor,Rock,109,Energetic,High,Medium
Question difference small.,Motivated,S210,Eye of the Tiger,Survivor,Rock,109,Energetic,High,Medium
Street commercial style certainly travel professor oil many.,Happy,S211,Uptown Funk,Bruno Mars,Funk,115,Energetic,High,High
Not mouth early heavy.,Relaxed,S212,Clair de Lune,Debussy,Classical,60,Soothing,Low,Low
Common street head though tax.,Relaxed,S213,Clair de Lune,Debussy,Classical,60,Soothing,Low,Low
Create contain age participant least store.,Sad,S214,Someone Like You,Adele,Pop,67,Melancholic,Low,Low
Ahead reflect vote though name health question.,Sad,S215,Someone Like You,Adele,Pop,67,Melancholic,Low,Low
Middle effort exactly seat analysis mission bring.,Motivated,S216,Eye of the Tiger,Survivor,Rock,109,Energetic,High,Medium
Concern course around recognize such let.,Happy,S217,Happy,Pharrell Williams,Pop,160,Joyful,High,High
Child myself begin enjoy know husband.,Motivated,S218,Stronger,Kanye West,Hip-Hop,130,Powerful,High,High
To attack foreign.,Motivated,S219,Eye of the Tiger,Survivor,Rock,109,Energetic,High,Medium
Up skill executive ahead could magazine.,Happy,S220,Happy,Pharrell Williams,Pop,160,Joyful,High,High
Fly usually pass into.,Relaxed,S221,Clair de Lune,Debussy,Classical,60,Soothing,Low,Low
Fight sound theory movement tree fund spend.,Motivated,S222,Stronger,Kanye West,Hip-Hop,130,Powerful,High,High
Smile change recent beautiful war couple.,Happy,S223,Uptown Funk,Bruno Mars,Funk,115,Energetic,High,High
Occur challenge he ground.,Relaxed,S224,Clair de Lune,Debussy,Classical,60,Soothing,Low,Low
Include standard tough too remain per wear Mr.,Motivated,S225,Stronger,Kanye West,Hip-Hop,130,Powerful,High,High
Source relate article design trip.,Motivated,S226,Eye of the Tiger,Survivor,Rock,109,Energetic,High,Medium
Us maybe air week with wait.,Relaxed,S227,Clair de Lune,Debussy,Classical,60,Soothing,Low,Low
Their know range cold theory name see.,Motivated,S228,Eye of the Tiger,Survivor,Rock,109,Energetic,High,Medium
Else employee avoid to own believe check.,Happy,S229,Uptown Funk,Bruno Mars,Funk,115,Energetic,High,High
Require under personal reveal after I expect.,Happy,S230,Uptown Funk,Bruno Mars,Funk,115,Energetic,High,High
Bad think drive billion close run network issue.,Happy,S231,Happy,Pharrell Williams,Pop,160,Joyful,High,High
Community finish add likely section region save.,Motivated,S232,Stronger,Kanye West,Hip-Hop,130,Powerful,High,High
From ask let movie kid TV.,Relaxed,S233,Clair de Lune,Debussy,Classical,60,Soothing,Low,Low
Card thing my pay.,Sad,S234,Fix You,Coldplay,Rock,75,Emotional,Low,Medium
Appear majority worker administration.,Happy,S235,Happy,Pharrell Williams,Pop,160,Joyful,High,High
Turn appear you husband.,Happy,S236,Uptown Funk,Bruno Mars,Funk,115,Energetic,High,High
Size out thing might.,Happy,S237,Uptown Funk,Bruno Mars,Funk,115,Energetic,High,High
Same action list source back street.,Happy,S238,Happy,Pharrell Williams,Pop,160,Joyful,High,High
Their region after sell after resource fund recognize.,Sad,S239,Fix You,Coldplay,Rock,75,Emotional,Low,Medium
Offer middle I room rock sea morning reflect.,Motivated,S240,Eye of the Tiger,Survivor,Rock,109,Energetic,High,Medium
Should see read population speak.,Motivated,S241,Stronger,Kanye West,Hip-Hop,130,Powerful,High,High
Can effort seven follow show similar sing.,Sad,S242,Fix You,Coldplay,Rock,75,Emotional,Low,Medium
Candidate account fine hit break instead whole.,Sad,S243,Someone Like You,Adele,Pop,67,Melancholic,Low,Low
Tough or education bag her.,Relaxed,S244,Clair de Lune,Debussy,Classical,60,Soothing,Low,Low
Even anyone turn season.,Happy,S245,Happy,Pharrell Williams,Pop,160,Joyful,High,High
Themselves in administration.,Sad,S246,Fix You,Coldplay,Rock,75,Emotional,Low,Medium
Tree city usually itself.,Relaxed,S247,Weightless,Marconi Union,Ambient,50,Calm,Low,Low
Between son easy produce.,Relaxed,S248,Weightless,Marconi Union,Ambient,50,Calm,Low,Low
Throw near trade shake example.,Motivated,S249,Eye of the Tiger,Survivor,Rock,109,Energetic,High,Medium
Successful machine leader.,Relaxed,S250,Weightless,Marconi Union,Ambient,50,Calm,Low,Low
Talk join clear both similar agree.,Sad,S251,Fix You,Coldplay,Rock,75,Emotional,Low,Medium
Least require fall benefit window miss phone.,Happy,S252,Happy,Pharrell Williams,Pop,160,Joyful,High,High
Other discuss per relate quickly feel eat section.,Relaxed,S253,Weightless,Marconi Union,Ambient,50,Calm,Low,Low
Attack but build two summer rest.,Sad,S254,Someone Like You,Adele,Pop,67,Melancholic,Low,Low
Identify fine cost long current anything.,Motivated,S255,Eye of the Tiger,Survivor,Rock,109,Energetic,High,Medium
Between four agreement she.,Motivated,S256,Stronger,Kanye West,Hip-Hop,130,Powerful,High,High
Success can decision drive.,Relaxed,S257,Weightless,Marconi Union,Ambient,50,Calm,Low,Low
Show degree air someone force.,Motivated,S258,Eye of the Tiger,Survivor,Rock,109,Energetic,High,Medium
Choose west behavior form.,Sad,S259,Someone Like You,Adele,Pop,67,Melancholic,Low,Low
Always there attorney add.,Happy,S260,Happy,Pharrell Williams,Pop,160,Joyful,High,High
Inside personal class huge live in really.,Motivated,S261,Eye of the Tiger,Survivor,Rock,109,Energetic,High,Medium
Tonight half heart value.,Happy,S262,Uptown Funk,Bruno Mars,Funk,115,Energetic,High,High
Eye capital hear wide simply good.,Happy,S263,Happy,Pharrell Williams,Pop,160,Joyful,High,High
Network leg song former vote energy just.,Sad,S264,Someone Like You,Adele,Pop,67,Melancholic,Low,Low
Last both than society.,Sad,S265,Fix You,Coldplay,Rock,75,Emotional,Low,Medium
Network thousand action board occur computer.,Relaxed,S266,Clair de Lune,Debussy,Classical,60,Soothing,Low,Low
Hope believe build carry.,Sad,S267,Someone Like You,Adele,Pop,67,Melancholic,Low,Low
Finally appear mean discussion.,Motivated,S268,Eye of the Tiger,Survivor,Rock,109,Energetic,High,Medium
Data perform whether be dream.,Sad,S269,Fix You,Coldplay,Rock,75,Emotional,Low,Medium
Professor each environment third.,Motivated,S270,Eye of the Tiger,Survivor,Rock,109,Energetic,High,Medium
Wear kind here establish fight own police.,Sad,S271,Someone Like You,Adele,Pop,67,Melancholic,Low,Low
Billion computer key style significant.,Motivated,S272,Stronger,Kanye West,Hip-Hop,130,Powerful,High,High
Break art compare doctor.,Motivated,S273,Stronger,Kanye West,Hip-Hop,130,Powerful,High,High
Kid painting my bag bag.,Sad,S274,Someone Like You,Adele,Pop,67,Melancholic,Low,Low
Treat attorney reach prevent hotel.,Happy,S275,Happy,Pharrell Williams,Pop,160,Joyful,High,High
Officer media during.,Relaxed,S276,Clair de Lune,Debussy,Classical,60,Soothing,Low,Low
Month administration one what church bring sense.,Happy,S277,Happy,Pharrell Williams,Pop,160,Joyful,High,High
When could follow.,Sad,S278,Fix You,Coldplay,Rock,75,Emotional,Low,Medium
Certain among local figure service interesting.,Sad,S279,Someone Like You,Adele,Pop,67,Melancholic,Low,Low
Dinner pressure discuss.,Sad,S280,Fix You,Coldplay,Rock,75,Emotional,Low,Medium
Word argue health hospital should western hospital.,Motivated,S281,Stronger,Kanye West,Hip-Hop,130,Powerful,High,High
Whatever yes trade catch through.,Relaxed,S282,Weightless,Marconi Union,Ambient,50,Calm,Low,Low
Ask lead someone employee want every happen anyone.,Sad,S283,Fix You,Coldplay,Rock,75,Emotional,Low,Medium
Chance increase picture nearly.,Motivated,S284,Stronger,Kanye West,Hip-Hop,130,Powerful,High,High
Court second agreement check.,Sad,S285,Someone Like You,Adele,Pop,67,Melancholic,Low,Low
Enjoy development long win nation pretty.,Motivated,S286,Eye of the Tiger,Survivor,Rock,109,Energetic,High,Medium
Upon forward student style someone body them.,Relaxed,S287,Clair de Lune,Debussy,Classical,60,Soothing,Low,Low
Generation everybody stock final.,Sad,S288,Someone Like You,Adele,Pop,67,Melancholic,Low,Low
Person value later lot class benefit positive hear.,Happy,S289,Happy,Pharrell Williams,Pop,160,Joyful,High,High
My threat must southern.,Relaxed,S290,Weightless,Marconi Union,Ambient,50,Calm,Low,Low
Because choice allow.,Motivated,S291,Stronger,Kanye West,Hip-Hop,130,Powerful,High,High
Myself seem experience market discover sport.,Happy,S292,Uptown Funk,Bruno Mars,Funk,115,Energetic,High,High
Real election indicate really community north point become.,Motivated,S293,Stronger,Kanye West,Hip-Hop,130,Powerful,High,High
Dream low work suddenly.,Relaxed,S294,Clair de Lune,Debussy,Classical,60,Soothing,Low,Low
Answer almost mouth unit.,Happy,S295,Happy,Pharrell Williams,Pop,160,Joyful,High,High
Decision hard audience near executive manage beautiful.,Happy,S296,Uptown Funk,Bruno Mars,Funk,115,Energetic,High,High
Rich option history.,Relaxed,S297,Clair de Lune,Debussy,Classical,60,Soothing,Low,Low
International property entire.,Motivated,S298,Eye of the Tiger,Survivor,Rock,109,Energetic,High,Medium
Least question measure give training.,Motivated,S299,Stronger,Kanye West,Hip-Hop,130,Powerful,High,High
By likely writer trouble.,Happy,S300,Happy,Pharrell Williams,Pop,160,Joyful,High,High
Fish government specific often scientist indicate across.,Sad,S301,Someone Like You,Adele,Pop,67,Melancholic,Low,Low
Time many five.,Sad,S302,Someone Like You,Adele,Pop,67,Melancholic,Low,Low
Give home left model.,Sad,S303,Someone Like You,Adele,Pop,67,Melancholic,Low,Low
Throughout case across budget product decision machine.,Sad,S304,Someone Like You,Adele,Pop,67,Melancholic,Low,Low
Billion oil important threat feeling individual vote.,Relaxed,S305,Clair de Lune,Debussy,Classical,60,Soothing,Low,Low
Professor go design remember service everyone finish.,Motivated,S306,Eye of the Tiger,Survivor,Rock,109,Energetic,High,Medium
Window tell analysis student wide.,Sad,S307,Someone Like You,Adele,Pop,67,Melancholic,Low,Low
Money theory stuff appear enter.,Sad,S308,Someone Like You,Adele,Pop,67,Melancholic,Low,Low
South long would quickly reduce.,Relaxed,S309,Weightless,Marconi Union,Ambient,50,Calm,Low,Low
Guess party local wish avoid.,Happy,S310,Happy,Pharrell Williams,Pop,160,Joyful,High,High
Scene right art media key.,Motivated,S311,Eye of the Tiger,Survivor,Rock,109,Energetic,High,Medium
Discover material affect role he better street.,Sad,S312,Someone Like You,Adele,Pop,67,Melancholic,Low,Low
Because with management family involve political.,Motivated,S313,Stronger,Kanye West,Hip-Hop,130,Powerful,High,High
Garden myself decide rich plant huge.,Motivated,S314,Stronger,Kanye West,Hip-Hop,130,Powerful,High,High
Tonight significant way international several stand.,Sad,S315,Someone Like You,Adele,Pop,67,Melancholic,Low,Low
Indicate letter project cause anyone.,Relaxed,S316,Weightless,Marconi Union,Ambient,50,Calm,Low,Low
Interview century general his company subject big fish.,Sad,S317,Someone Like You,Adele,Pop,67,Melancholic,Low,Low
About sure organization.,Happy,S318,Happy,Pharrell Williams,Pop,160,Joyful,High,High
Street story production how.,Sad,S319,Fix You,Coldplay,Rock,75,Emotional,Low,Medium
Laugh several three walk away.,Motivated,S320,Stronger,Kanye West,Hip-Hop,130,Powerful,High,High
Show agreement growth.,Motivated,S321,Stronger,Kanye West,Hip-Hop,130,Powerful,High,High
Into sing environment store resource.,Sad,S322,Someone Like You,Adele,Pop,67,Melancholic,Low,Low
Agreement something report finally.,Relaxed,S323,Clair de Lune,Debussy,Classical,60,Soothing,Low,Low
Go discover coach number son because.,Motivated,S324,Eye of the Tiger,Survivor,Rock,109,Energetic,High,Medium
Once industry why audience year.,Motivated,S325,Eye of the Tiger,Survivor,Rock,109,Energetic,High,Medium
Nature Democrat table sing.,Motivated,S326,Stronger,Kanye West,Hip-Hop,130,Powerful,High,High
Life dog notice several whole he star.,Relaxed,S327,Weightless,Marconi Union,Ambient,50,Calm,Low,Low
Base father city your occur.,Relaxed,S328,Clair de Lune,Debussy,Classical,60,Soothing,Low,Low
Either base already democratic.,Sad,S329,Someone Like You,Adele,Pop,67,Melancholic,Low,Low
Nature value data collection ready participant.,Motivated,S330,Eye of the Tiger,Survivor,Rock,109,Energetic,High,Medium
Office seek less speech season star three hot.,Motivated,S331,Eye of the Tiger,Survivor,Rock,109,Energetic,High,Medium
Day happen society evidence floor development practice.,Sad,S332,Fix You,Coldplay,Rock,75,Emotional,Low,Medium
Real activity despite.,Happy,S333,Happy,Pharrell Williams,Pop,160,Joyful,High,High
Yeah send why win whatever name.,Happy,S334,Uptown Funk,Bruno Mars,Funk,115,Energetic,High,High
Month camera think action.,Motivated,S335,Eye of the Tiger,Survivor,Rock,109,Energetic,High,Medium
More outside world remain.,Sad,S336,Fix You,Coldplay,Rock,75,Emotional,Low,Medium
Morning quickly family address nice card career.,Happy,S337,Happy,Pharrell Williams,Pop,160,Joyful,High,High
Land long participant.,Happy,S338,Uptown Funk,Bruno Mars,Funk,115,Energetic,High,High
Three information audience history computer market low.,Sad,S339,Someone Like You,Adele,Pop,67,Melancholic,Low,Low
Among down office set cut.,Motivated,S340,Eye of the Tiger,Survivor,Rock,109,Energetic,High,Medium
Agency yourself fire material seat specific.,Sad,S341,Fix You,Coldplay,Rock,75,Emotional,Low,Medium
Such machine available church feeling but affect commercial.,Sad,S342,Fix You,Coldplay,Rock,75,Emotional,Low,Medium
Radio concern himself green better me.,Motivated,S343,Eye of the Tiger,Survivor,Rock,109,Energetic,High,Medium
Deep forget that trial.,Happy,S344,Happy,Pharrell Williams,Pop,160,Joyful,High,High
Today window lay range news.,Motivated,S345,Stronger,Kanye West,Hip-Hop,130,Powerful,High,High
Who agent top white.,Motivated,S346,Eye of the Tiger,Survivor,Rock,109,Energetic,High,Medium
Per across agent second deal out week.,Sad,S347,Fix You,Coldplay,Rock,75,Emotional,Low,Medium
Without across indicate rich support see.,Relaxed,S348,Clair de Lune,Debussy,Classical,60,Soothing,Low,Low
Message third knowledge gun guess miss.,Motivated,S349,Stronger,Kanye West,Hip-Hop,130,Powerful,High,High
Successful necessary not charge ability sometimes although contain.,Relaxed,S350,Weightless,Marconi Union,Ambient,50,Calm,Low,Low
Program cause south wrong night population.,Motivated,S351,Stronger,Kanye West,Hip-Hop,130,Powerful,High,High
Real large study claim decide course test.,Relaxed,S352,Weightless,Marconi Union,Ambient,50,Calm,Low,Low
Expect analysis keep actually this himself series.,Motivated,S353,Stronger,Kanye West,Hip-Hop,130,Powerful,High,High
Answer toward walk ahead smile without degree.,Relaxed,S354,Clair de Lune,Debussy,Classical,60,Soothing,Low,Low
Many there at lot hard agency answer number.,Motivated,S355,Eye of the Tiger,Survivor,Rock,109,Energetic,High,Medium
Number scientist floor data type.,Motivated,S356,Eye of the Tiger,Survivor,Rock,109,Energetic,High,Medium
Research decide card build her.,Motivated,S357,Stronger,Kanye West,Hip-Hop,130,Powerful,High,High
Under me take.,Happy,S358,Uptown Funk,Bruno Mars,Funk,115,Energetic,High,High
None our project seat vote hold leave.,Sad,S359,Fix You,Coldplay,Rock,75,Emotional,Low,Medium
Use exist enough second benefit road.,Motivated,S360,Stronger,Kanye West,Hip-Hop,130,Powerful,High,High
Tend throughout dinner bit put personal.,Motivated,S361,Stronger,Kanye West,Hip-Hop,130,Powerful,High,High
Technology mission modern real site single.,Relaxed,S362,Weightless,Marconi Union,Ambient,50,Calm,Low,Low
Help million relate.,Sad,S363,Fix You,Coldplay,Rock,75,Emotional,Low,Medium
Method yard any hear personal maybe seven must.,Happy,S364,Uptown Funk,Bruno Mars,Funk,115,Energetic,High,High
Set enjoy movie.,Happy,S365,Happy,Pharrell Williams,Pop,160,Joyful,High,High
Seat Republican interest whatever.,Happy,S366,Uptown Funk,Bruno Mars,Funk,115,Energetic,High,High
Why course spend make.,Sad,S367,Fix You,Coldplay,Rock,75,Emotional,Low,Medium
Guess science officer.,Sad,S368,Fix You,Coldplay,Rock,75,Emotional,Low,Medium
Still their quite ball.,Relaxed,S369,Weightless,Marconi Union,Ambient,50,Calm,Low,Low
Shake way enter white physical especially.,Sad,S370,Someone Like You,Adele,Pop,67,Melancholic,Low,Low
Authority marriage military compare different item.,Relaxed,S371,Clair de Lune,Debussy,Classical,60,Soothing,Low,Low
Describe husband job strategy show him range.,Relaxed,S372,Clair de Lune,Debussy,Classical,60,Soothing,Low,Low
Light show walk its.,Motivated,S373,Eye of the Tiger,Survivor,Rock,109,Energetic,High,Medium
How apply wall pass standard cover.,Relaxed,S374,Clair de Lune,Debussy,Classical,60,Soothing,Low,Low
Eight provide amount attention send example.,Sad,S375,Fix You,Coldplay,Rock,75,Emotional,Low,Medium
Box drop cup hotel itself stuff professional house.,Happy,S376,Happy,Pharrell Williams,Pop,160,Joyful,High,High
President natural city past probably admit.,Relaxed,S377,Weightless,Marconi Union,Ambient,50,Calm,Low,Low
Affect commercial skin soldier.,Motivated,S378,Eye of the Tiger,Survivor,Rock,109,Energetic,High,Medium
Image power boy any but.,Sad,S379,Someone Like You,Adele,Pop,67,Melancholic,Low,Low
Per big soldier ground manager run special.,Relaxed,S380,Weightless,Marconi Union,Ambient,50,Calm,Low,Low
Hold follow year fill next.,Motivated,S381,Stronger,Kanye West,Hip-Hop,130,Powerful,High,High
Store keep try.,Happy,S382,Happy,Pharrell Williams,Pop,160,Joyful,High,High
Join agent guess minute send risk agency.,Motivated,S383,Eye of the Tiger,Survivor,Rock,109,Energetic,High,Medium
Tonight amount after price baby.,Happy,S384,Happy,Pharrell Williams,Pop,160,Joyful,High,High
Deep responsibility imagine.,Relaxed,S385,Clair de Lune,Debussy,Classical,60,Soothing,Low,Low
Bit final pretty themselves sign eat.,Happy,S386,Happy,Pharrell Williams,Pop,160,Joyful,High,High
State near nice its north old.,Relaxed,S387,Clair de Lune,Debussy,Classical,60,Soothing,Low,Low
Interesting law market final.,Relaxed,S388,Clair de Lune,Debussy,Classical,60,Soothing,Low,Low
Information back stand north.,Sad,S389,Someone Like You,Adele,Pop,67,Melancholic,Low,Low
Arrive ever quickly finally care.,Relaxed,S390,Clair de Lune,Debussy,Classical,60,Soothing,Low,Low
Government note visit likely high investment attorney.,Relaxed,S391,Weightless,Marconi Union,Ambient,50,Calm,Low,Low
Describe imagine all the.,Relaxed,S392,Clair de Lune,Debussy,Classical,60,Soothing,Low,Low
Daughter speak east.,Relaxed,S393,Weightless,Marconi Union,Ambient,50,Calm,Low,Low
Room check response.,Relaxed,S394,Weightless,Marconi Union,Ambient,50,Calm,Low,Low
Every become control perhaps.,Relaxed,S395,Clair de Lune,Debussy,Classical,60,Soothing,Low,Low
Nature simply good we physical let either.,Motivated,S396,Eye of the Tiger,Survivor,Rock,109,Energetic,High,Medium
Great seek information down.,Happy,S397,Happy,Pharrell Williams,Pop,160,Joyful,High,High
Wear sometimes safe husband stay every poor.,Sad,S398,Fix You,Coldplay,Rock,75,Emotional,Low,Medium
Gas measure season important.,Relaxed,S399,Weightless,Marconi Union,Ambient,50,Calm,Low,Low
Clear ability recognize bit sign find although set.,Relaxed,S400,Weightless,Marconi Union,Ambient,50,Calm,Low,Low
Since window according health set.,Happy,S401,Happy,Pharrell Williams,Pop,160,Joyful,High,High
Authority deep I reason report.,Relaxed,S402,Weightless,Marconi Union,Ambient,50,Calm,Low,Low
Writer deal get.,Relaxed,S403,Weightless,Marconi Union,Ambient,50,Calm,Low,Low
Month gas throughout will study.,Sad,S404,Fix You,Coldplay,Rock,75,Emotional,Low,Medium
Per professional notice onto respond tough she.,Sad,S405,Someone Like You,Adele,Pop,67,Melancholic,Low,Low
According another interest whose campaign own.,Happy,S406,Happy,Pharrell Williams,Pop,160,Joyful,High,High
Community ahead travel hospital learn here.,Relaxed,S407,Clair de Lune,Debussy,Classical,60,Soothing,Low,Low
Born discuss whether sure very often.,Sad,S408,Someone Like You,Adele,Pop,67,Melancholic,Low,Low
Base hair about.,Happy,S409,Uptown Funk,Bruno Mars,Funk,115,Energetic,High,High
Still describe fine eye friend consumer cultural argue.,Motivated,S410,Stronger,Kanye West,Hip-Hop,130,Powerful,High,High
Defense history seat.,Motivated,S411,Stronger,Kanye West,Hip-Hop,130,Powerful,High,High
Standard record national bank close situation area will.,Motivated,S412,Stronger,Kanye West,Hip-Hop,130,Powerful,High,High
Clearly government rate trade drop Republican keep west.,Happy,S413,Uptown Funk,Bruno Mars,Funk,115,Energetic,High,High
Audience describe hair want who build class she.,Sad,S414,Fix You,Coldplay,Rock,75,Emotional,Low,Medium
Market affect good positive heavy.,Happy,S415,Happy,Pharrell Williams,Pop,160,Joyful,High,High
Drop miss again performance age.,Relaxed,S416,Weightless,Marconi Union,Ambient,50,Calm,Low,Low
Play method budget such.,Relaxed,S417,Weightless,Marconi Union,Ambient,50,Calm,Low,Low
Significant attorney join politics read range.,Relaxed,S418,Weightless,Marconi Union,Ambient,50,Calm,Low,Low
Manager always different.,Happy,S419,Uptown Funk,Bruno Mars,Funk,115,Energetic,High,High
Guess drug party fish people explain.,Relaxed,S420,Weightless,Marconi Union,Ambient,50,Calm,Low,Low
Attack cup develop book.,Motivated,S421,Stronger,Kanye West,Hip-Hop,130,Powerful,High,High
Could machine catch.,Happy,S422,Uptown Funk,Bruno Mars,Funk,115,Energetic,High,High
Recently high wrong success central sit letter herself.,Motivated,S423,Stronger,Kanye West,Hip-Hop,130,Powerful,High,High
Share father various pressure score spring foot.,Motivated,S424,Stronger,Kanye West,Hip-Hop,130,Powerful,High,High
Seven who relate.,Happy,S425,Uptown Funk,Bruno Mars,Funk,115,Energetic,High,High
Performance yet option camera rise.,Sad,S426,Someone Like You,Adele,Pop,67,Melancholic,Low,Low
Play fill walk chair pick feeling beautiful.,Sad,S427,Fix You,Coldplay,Rock,75,Emotional,Low,Medium
His always article table class recently above.,Sad,S428,Someone Like You,Adele,Pop,67,Melancholic,Low,Low
Million recognize protect address miss.,Relaxed,S429,Clair de Lune,Debussy,Classical,60,Soothing,Low,Low
May project agent order response party machine traditional.,Relaxed,S430,Weightless,Marconi Union,Ambient,50,Calm,Low,Low
Table hour perform back.,Sad,S431,Fix You,Coldplay,Rock,75,Emotional,Low,Medium
Include fund benefit still.,Sad,S432,Someone Like You,Adele,Pop,67,Melancholic,Low,Low
Lawyer same generation join reduce our imagine expect.,Happy,S433,Happy,Pharrell Williams,Pop,160,Joyful,High,High
Garden third second official instead research top.,Sad,S434,Fix You,Coldplay,Rock,75,Emotional,Low,Medium
Yes room person design should.,Relaxed,S435,Weightless,Marconi Union,Ambient,50,Calm,Low,Low
Address southern or central remember human.,Happy,S436,Happy,Pharrell Williams,Pop,160,Joyful,High,High
Career positive degree third subject scene political.,Sad,S437,Fix You,Coldplay,Rock,75,Emotional,Low,Medium
Force spend also doctor weight last our.,Relaxed,S438,Clair de Lune,Debussy,Classical,60,Soothing,Low,Low
Term when share oil score and position.,Happy,S439,Uptown Funk,Bruno Mars,Funk,115,Energetic,High,High
Present along water sport could home support.,Happy,S440,Happy,Pharrell Williams,Pop,160,Joyful,High,High
Both expert fight interest guy.,Happy,S441,Happy,Pharrell Williams,Pop,160,Joyful,High,High
Second relate little really.,Happy,S442,Happy,Pharrell Williams,Pop,160,Joyful,High,High
Ten soldier human police add sound.,Motivated,S443,Eye of the Tiger,Survivor,Rock,109,Energetic,High,Medium
Consumer can hear example meet pay wind.,Sad,S444,Fix You,Coldplay,Rock,75,Emotional,Low,Medium
Young agreement drive time cause us.,Happy,S445,Happy,Pharrell Williams,Pop,160,Joyful,High,High
Serve scene subject both similar.,Sad,S446,Someone Like You,Adele,Pop,67,Melancholic,Low,Low
Relationship decide live sea hold cell new.,Sad,S447,Fix You,Coldplay,Rock,75,Emotional,Low,Medium
Friend win large statement white.,Relaxed,S448,Clair de Lune,Debussy,Classical,60,Soothing,Low,Low
Few finally theory American.,Motivated,S449,Eye of the Tiger,Survivor,Rock,109,Energetic,High,Medium
Source effort story.,Happy,S450,Happy,Pharrell Williams,Pop,160,Joyful,High,High
Right such finally pay.,Sad,S451,Fix You,Coldplay,Rock,75,Emotional,Low,Medium
My really per.,Relaxed,S452,Clair de Lune,Debussy,Classical,60,Soothing,Low,Low
Keep television three analysis goal fight.,Sad,S453,Fix You,Coldplay,Rock,75,Emotional,Low,Medium
Next pass you Mrs plan back.,Happy,S454,Happy,Pharrell Williams,Pop,160,Joyful,High,High
Less then girl before five.,Relaxed,S455,Weightless,Marconi Union,Ambient,50,Calm,Low,Low
Lay actually enough writer year.,Motivated,S456,Eye of the Tiger,Survivor,Rock,109,Energetic,High,Medium
Seven contain argue often state reflect.,Relaxed,S457,Clair de Lune,Debussy,Classical,60,Soothing,Low,Low
Account sure move big work.,Relaxed,S458,Clair de Lune,Debussy,Classical,60,Soothing,Low,Low
Certainly situation economic nor by several address.,Relaxed,S459,Clair de Lune,Debussy,Classical,60,Soothing,Low,Low
Consider model idea foot occur view.,Sad,S460,Fix You,Coldplay,Rock,75,Emotional,Low,Medium
Father pull public.,Happy,S461,Happy,Pharrell Williams,Pop,160,Joyful,High,High
Letter entire pull most.,Sad,S462,Someone Like You,Adele,Pop,67,Melancholic,Low,Low
Believe especially or happy however of special whole.,Sad,S463,Someone Like You,Adele,Pop,67,Melancholic,Low,Low
Live whom various both entire.,Happy,S464,Uptown Funk,Bruno Mars,Funk,115,Energetic,High,High
Cold hear whom value skill.,Relaxed,S465,Clair de Lune,Debussy,Classical,60,Soothing,Low,Low
Memory join save huge different ever.,Motivated,S466,Eye of the Tiger,Survivor,Rock,109,Energetic,High,Medium
Operation pass evening care forget story choice.,Motivated,S467,Stronger,Kanye West,Hip-Hop,130,Powerful,High,High
All suddenly dog toward factor card hotel able.,Sad,S468,Fix You,Coldplay,Rock,75,Emotional,Low,Medium
Travel north mission girl recognize soldier.,Happy,S469,Uptown Funk,Bruno Mars,Funk,115,Energetic,High,High
Phone character until hot perhaps consider time.,Motivated,S470,Stronger,Kanye West,Hip-Hop,130,Powerful,High,High
Now light pretty suggest.,Happy,S471,Happy,Pharrell Williams,Pop,160,Joyful,High,High
Few car occur recognize scene marriage down.,Happy,S472,Happy,Pharrell Williams,Pop,160,Joyful,High,High
Middle worker care keep less interesting notice grow.,Motivated,S473,Eye of the Tiger,Survivor,Rock,109,Energetic,High,Medium
Example station anything season from.,Motivated,S474,Eye of the Tiger,Survivor,Rock,109,Energetic,High,Medium
Real clearly member foot.,Motivated,S475,Stronger,Kanye West,Hip-Hop,130,Powerful,High,High
Dog list agent partner window animal foot.,Motivated,S476,Stronger,Kanye West,Hip-Hop,130,Powerful,High,High
Along theory professor.,Relaxed,S477,Clair de Lune,Debussy,Classical,60,Soothing,Low,Low
Discuss bank response population author better test tree.,Sad,S478,Fix You,Coldplay,Rock,75,Emotional,Low,Medium
Per thousand thought.,Happy,S479,Happy,Pharrell Williams,Pop,160,Joyful,High,High
Similar from small Mrs daughter.,Happy,S480,Uptown Funk,Bruno Mars,Funk,115,Energetic,High,High
Note next daughter especially defense into.,Relaxed,S481,Weightless,Marconi Union,Ambient,50,Calm,Low,Low
None likely best.,Happy,S482,Uptown Funk,Bruno Mars,Funk,115,Energetic,High,High
Brother form reality western name institution tax short.,Motivated,S483,Eye of the Tiger,Survivor,Rock,109,Energetic,High,Medium
Across south hair TV trade.,Sad,S484,Someone Like You,Adele,Pop,67,Melancholic,Low,Low
Call business and up while.,Motivated,S485,Stronger,Kanye West,Hip-Hop,130,Powerful,High,High
Career free number themselves play boy direction.,Happy,S486,Uptown Funk,Bruno Mars,Funk,115,Energetic,High,High
Hear laugh increase one.,Sad,S487,Fix You,Coldplay,Rock,75,Emotional,Low,Medium
May different like provide purpose.,Sad,S488,Fix You,Coldplay,Rock,75,Emotional,Low,Medium
Loss treat eat test.,Sad,S489,Someone Like You,Adele,Pop,67,Melancholic,Low,Low
Meeting case so century American hair policy strategy.,Sad,S490,Someone Like You,Adele,Pop,67,Melancholic,Low,Low
Director around current rule guy.,Relaxed,S491,Clair de Lune,Debussy,Classical,60,Soothing,Low,Low
Road test author paper threat.,Happy,S492,Happy,Pharrell Williams,Pop,160,Joyful,High,High
Send major item forward particular seven.,Happy,S493,Happy,Pharrell Williams,Pop,160,Joyful,High,High
Treatment say book kid blue network red.,Relaxed,S494,Weightless,Marconi Union,Ambient,50,Calm,Low,Low
Organization someone these have.,Sad,S495,Someone Like You,Adele,Pop,67,Melancholic,Low,Low
Control each actually such.,Motivated,S496,Eye of the Tiger,Survivor,Rock,109,Energetic,High,Medium
News throughout worker compare unit charge modern else.,Relaxed,S497,Clair de Lune,Debussy,Classical,60,Soothing,Low,Low
Skill per after prove establish.,Happy,S498,Uptown Funk,Bruno Mars,Funk,115,Energetic,High,High
Ten bank out board site family.,Happy,S499,Happy,Pharrell Williams,Pop,160,Joyful,High,High
All lot buy top why pay.,Happy,S500,Uptown Funk,Bruno Mars,Funk,115,Energetic,High,High
Last relate service.,Motivated,S501,Eye of the Tiger,Survivor,Rock,109,Energetic,High,Medium
Writer green miss explain specific here dog.,Sad,S502,Someone Like You,Adele,Pop,67,Melancholic,Low,Low
Big middle theory practice form.,Sad,S503,Someone Like You,Adele,Pop,67,Melancholic,Low,Low
Organization director born candidate.,Relaxed,S504,Clair de Lune,Debussy,Classical,60,Soothing,Low,Low
Tell probably company perhaps event movement.,Happy,S505,Happy,Pharrell Williams,Pop,160,Joyful,High,High
Month voice economy talk bit describe despite.,Happy,S506,Uptown Funk,Bruno Mars,Funk,115,Energetic,High,High
Entire skin establish be.,Happy,S507,Uptown Funk,Bruno Mars,Funk,115,Energetic,High,High
Identify data only wait.,Happy,S508,Uptown Funk,Bruno Mars,Funk,115,Energetic,High,High
Production learn across yes house.,Relaxed,S509,Weightless,Marconi Union,Ambient,50,Calm,Low,Low
Body garden few budget exactly present fight.,Happy,S510,Happy,Pharrell Williams,Pop,160,Joyful,High,High
Party size yeah thought arm.,Motivated,S511,Eye of the Tiger,Survivor,Rock,109,Energetic,High,Medium
Meet her the fly show community exist.,Relaxed,S512,Weightless,Marconi Union,Ambient,50,Calm,Low,Low
Skin million sense buy reveal bad generation.,Happy,S513,Happy,Pharrell Williams,Pop,160,Joyful,High,High
Style its hotel walk chair worry difference personal.,Sad,S514,Someone Like You,Adele,Pop,67,Melancholic,Low,Low
National move material after.,Relaxed,S515,Weightless,Marconi Union,Ambient,50,Calm,Low,Low
Type why and class compare.,Sad,S516,Someone Like You,Adele,Pop,67,Melancholic,Low,Low
Strong education woman artist side.,Sad,S517,Fix You,Coldplay,Rock,75,Emotional,Low,Medium
Friend onto Mr find source little sign charge.,Happy,S518,Uptown Funk,Bruno Mars,Funk,115,Energetic,High,High
Painting election community TV site pull clearly far.,Relaxed,S519,Clair de Lune,Debussy,Classical,60,Soothing,Low,Low
Decade station until size family cell.,Relaxed,S520,Clair de Lune,Debussy,Classical,60,Soothing,Low,Low
Itself year his effect with.,Sad,S521,Someone Like You,Adele,Pop,67,Melancholic,Low,Low
Moment attorney say.,Relaxed,S522,Clair de Lune,Debussy,Classical,60,Soothing,Low,Low
Nice speech news good store fund.,Happy,S523,Happy,Pharrell Williams,Pop,160,Joyful,High,High
Government there dinner discover environment five.,Sad,S524,Someone Like You,Adele,Pop,67,Melancholic,Low,Low
Hold interview level many.,Happy,S525,Happy,Pharrell Williams,Pop,160,Joyful,High,High
Century marriage bad national his house condition serve.,Relaxed,S526,Weightless,Marconi Union,Ambient,50,Calm,Low,Low
Us fact cost gun writer north your provide.,Sad,S527,Someone Like You,Adele,Pop,67,Melancholic,Low,Low
Stage those decade sort top against far.,Motivated,S528,Stronger,Kanye West,Hip-Hop,130,Powerful,High,High
Reflect break time consumer politics choose out house.,Happy,S529,Uptown Funk,Bruno Mars,Funk,115,Energetic,High,High
Window well newspaper company analysis fly.,Relaxed,S530,Weightless,Marconi Union,Ambient,50,Calm,Low,Low
Each finish leg place ability.,Motivated,S531,Stronger,Kanye West,Hip-Hop,130,Powerful,High,High
Dinner draw until past blood.,Happy,S532,Happy,Pharrell Williams,Pop,160,Joyful,High,High
Seven police simply outside simply real left suggest.,Relaxed,S533,Weightless,Marconi Union,Ambient,50,Calm,Low,Low
Plant maintain natural win.,Relaxed,S534,Clair de Lune,Debussy,Classical,60,Soothing,Low,Low
Consumer but agency majority lay decision whatever.,Happy,S535,Happy,Pharrell Williams,Pop,160,Joyful,High,High
Raise who nearly commercial.,Sad,S536,Someone Like You,Adele,Pop,67,Melancholic,Low,Low
Course raise director move right.,Sad,S537,Someone Like You,Adele,Pop,67,Melancholic,Low,Low
Build institution young that.,Happy,S538,Uptown Funk,Bruno Mars,Funk,115,Energetic,High,High
Will low anyone myself conference investment.,Relaxed,S539,Clair de Lune,Debussy,Classical,60,Soothing,Low,Low
Film prove black turn dinner.,Relaxed,S540,Clair de Lune,Debussy,Classical,60,Soothing,Low,Low
Certainly by pretty raise person eight.,Relaxed,S541,Weightless,Marconi Union,Ambient,50,Calm,Low,Low
Exactly politics seat.,Sad,S542,Someone Like You,Adele,Pop,67,Melancholic,Low,Low
Analysis himself American condition read.,Relaxed,S543,Clair de Lune,Debussy,Classical,60,Soothing,Low,Low
At article air want few.,Relaxed,S544,Clair de Lune,Debussy,Classical,60,Soothing,Low,Low
Senior argue soldier run organization by wear.,Motivated,S545,Eye of the Tiger,Survivor,Rock,109,Energetic,High,Medium
Time organization fly sing opportunity time none.,Sad,S546,Fix You,Coldplay,Rock,75,Emotional,Low,Medium
Thus small detail development.,Sad,S547,Someone Like You,Adele,Pop,67,Melancholic,Low,Low
Go develop may article interview detail involve.,Sad,S548,Fix You,Coldplay,Rock,75,Emotional,Low,Medium
Defense film different live natural.,Happy,S549,Happy,Pharrell Williams,Pop,160,Joyful,High,High
Garden beat happy.,Sad,S550,Fix You,Coldplay,Rock,75,Emotional,Low,Medium
Step size pretty should author thing.,Happy,S551,Happy,Pharrell Williams,Pop,160,Joyful,High,High
Improve outside find above young film give.,Sad,S552,Fix You,Coldplay,Rock,75,Emotional,Low,Medium
Young career instead hour.,Sad,S553,Someone Like You,Adele,Pop,67,Melancholic,Low,Low
Expect use town magazine.,Relaxed,S554,Weightless,Marconi Union,Ambient,50,Calm,Low,Low
Or medical analysis on.,Sad,S555,Fix You,Coldplay,Rock,75,Emotional,Low,Medium
Design herself ground.,Relaxed,S556,Clair de Lune,Debussy,Classical,60,Soothing,Low,Low
Drop need system down trial measure.,Relaxed,S557,Clair de Lune,Debussy,Classical,60,Soothing,Low,Low
Season article source get tough law.,Motivated,S558,Stronger,Kanye West,Hip-Hop,130,Powerful,High,High
Thought wear own town store paper.,Happy,S559,Happy,Pharrell Williams,Pop,160,Joyful,High,High
Civil thus structure international central.,Happy,S560,Uptown Funk,Bruno Mars,Funk,115,Energetic,High,High
Surface marriage style vote.,Happy,S561,Uptown Funk,Bruno Mars,Funk,115,Energetic,High,High
Benefit central high.,Happy,S562,Uptown Funk,Bruno Mars,Funk,115,Energetic,High,High
Anyone TV for more left.,Happy,S563,Uptown Funk,Bruno Mars,Funk,115,Energetic,High,High
Really law paper decide reality.,Motivated,S564,Stronger,Kanye West,Hip-Hop,130,Powerful,High,High
Something record end.,Relaxed,S565,Clair de Lune,Debussy,Classical,60,Soothing,Low,Low
Federal station magazine defense.,Relaxed,S566,Weightless,Marconi Union,Ambient,50,Calm,Low,Low
Every unit big feeling place.,Happy,S567,Happy,Pharrell Williams,Pop,160,Joyful,High,High
Manage phone option generation garden record activity.,Happy,S568,Uptown Funk,Bruno Mars,Funk,115,Energetic,High,High
Less career important recent strong one.,Relaxed,S569,Weightless,Marconi Union,Ambient,50,Calm,Low,Low
Cover some by scientist.,Sad,S570,Fix You,Coldplay,Rock,75,Emotional,Low,Medium
Rule chance southern.,Motivated,S571,Eye of the Tiger,Survivor,Rock,109,Energetic,High,Medium
High ready answer research interesting purpose well.,Motivated,S572,Eye of the Tiger,Survivor,Rock,109,Energetic,High,Medium
Other hit we majority across notice.,Happy,S573,Uptown Funk,Bruno Mars,Funk,115,Energetic,High,High
Opportunity speak difference raise.,Happy,S574,Happy,Pharrell Williams,Pop,160,Joyful,High,High
Direction painting right nearly night between lead school.,Motivated,S575,Stronger,Kanye West,Hip-Hop,130,Powerful,High,High
Set indicate no research thus.,Sad,S576,Someone Like You,Adele,Pop,67,Melancholic,Low,Low
Role and although out resource information entire summer.,Motivated,S577,Stronger,Kanye West,Hip-Hop,130,Powerful,High,High
Kitchen everyone sit thought.,Happy,S578,Happy,Pharrell Williams,Pop,160,Joyful,High,High
Kitchen lawyer yeah base spend.,Motivated,S579,Eye of the Tiger,Survivor,Rock,109,Energetic,High,Medium
Blue growth perform.,Sad,S580,Someone Like You,Adele,Pop,67,Melancholic,Low,Low
Hour cell analysis guess worry laugh professional.,Relaxed,S581,Weightless,Marconi Union,Ambient,50,Calm,Low,Low
Another name memory whom.,Happy,S582,Happy,Pharrell Williams,Pop,160,Joyful,High,High
And success pass agreement ten.,Relaxed,S583,Weightless,Marconi Union,Ambient,50,Calm,Low,Low
Never state seven left.,Relaxed,S584,Weightless,Marconi Union,Ambient,50,Calm,Low,Low
Treatment street necessary she century ask.,Relaxed,S585,Clair de Lune,Debussy,Classical,60,Soothing,Low,Low
Total right child middle.,Relaxed,S586,Clair de Lune,Debussy,Classical,60,Soothing,Low,Low
Chance program degree particularly truth soldier.,Happy,S587,Happy,Pharrell Williams,Pop,160,Joyful,High,High
Each great trip identify care.,Motivated,S588,Stronger,Kanye West,Hip-Hop,130,Powerful,High,High
Key want commercial plan let here.,Happy,S589,Uptown Funk,Bruno Mars,Funk,115,Energetic,High,High
Particular figure majority.,Motivated,S590,Stronger,Kanye West,Hip-Hop,130,Powerful,High,High
Realize keep decision forward.,Motivated,S591,Stronger,Kanye West,Hip-Hop,130,Powerful,High,High
Night everybody still minute thought yard including.,Motivated,S592,Eye of the Tiger,Survivor,Rock,109,Energetic,High,Medium
Trade would maybe though fear.,Motivated,S593,Eye of the Tiger,Survivor,Rock,109,Energetic,High,Medium
Somebody major close life later.,Relaxed,S594,Clair de Lune,Debussy,Classical,60,Soothing,Low,Low
Make degree study least along whatever environmental general.,Motivated,S595,Stronger,Kanye West,Hip-Hop,130,Powerful,High,High
Sing generation remain market age like.,Sad,S596,Fix You,Coldplay,Rock,75,Emotional,Low,Medium
Practice media culture home.,Relaxed,S597,Clair de Lune,Debussy,Classical,60,Soothing,Low,Low
Return crime score finish.,Sad,S598,Fix You,Coldplay,Rock,75,Emotional,Low,Medium
Third economic in market list ever.,Motivated,S599,Eye of the Tiger,Survivor,Rock,109,Energetic,High,Medium
Near street audience get behavior later future carry.,Sad,S600,Someone Like You,Adele,Pop,67,Melancholic,Low,Low
Charge process particularly establish happen outside wrong chair.,Sad,S601,Fix You,Coldplay,Rock,75,Emotional,Low,Medium
Method theory though PM.,Motivated,S602,Eye of the Tiger,Survivor,Rock,109,Energetic,High,Medium
Other worry get.,Motivated,S603,Stronger,Kanye West,Hip-Hop,130,Powerful,High,High
Dinner couple artist bag health.,Motivated,S604,Stronger,Kanye West,Hip-Hop,130,Powerful,High,High
Face situation those anyone art product.,Sad,S605,Someone Like You,Adele,Pop,67,Melancholic,Low,Low
Trip public often.,Motivated,S606,Stronger,Kanye West,Hip-Hop,130,Powerful,High,High
Say very modern message upon place your control.,Sad,S607,Someone Like You,Adele,Pop,67,Melancholic,Low,Low
Effort away type inside worker painting.,Happy,S608,Uptown Funk,Bruno Mars,Funk,115,Energetic,High,High
Value take over executive medical this.,Happy,S609,Happy,Pharrell Williams,Pop,160,Joyful,High,High
Economy call season next natural hair.,Happy,S610,Uptown Funk,Bruno Mars,Funk,115,Energetic,High,High
Age special charge each she.,Relaxed,S611,Clair de Lune,Debussy,Classical,60,Soothing,Low,Low
Decision ready respond laugh worker goal act possible.,Relaxed,S612,Weightless,Marconi Union,Ambient,50,Calm,Low,Low
Similar run later sign executive.,Relaxed,S613,Weightless,Marconi Union,Ambient,50,Calm,Low,Low
Call bill director.,Sad,S614,Someone Like You,Adele,Pop,67,Melancholic,Low,Low
Month operation require idea box hope until.,Motivated,S615,Stronger,Kanye West,Hip-Hop,130,Powerful,High,High
Financial course discuss cup security.,Sad,S616,Someone Like You,Adele,Pop,67,Melancholic,Low,Low
Various term resource sit thank seek approach.,Relaxed,S617,Clair de Lune,Debussy,Classical,60,Soothing,Low,Low
Purpose heavy trial term.,Sad,S618,Someone Like You,Adele,Pop,67,Melancholic,Low,Low
Give send box democratic office wind close.,Happy,S619,Uptown Funk,Bruno Mars,Funk,115,Energetic,High,High
Throw range support together light hear.,Happy,S620,Happy,Pharrell Williams,Pop,160,Joyful,High,High
Edge people interest mention.,Happy,S621,Uptown Funk,Bruno Mars,Funk,115,Energetic,High,High
Require get federal great protect way environment loss.,Relaxed,S622,Clair de Lune,Debussy,Classical,60,Soothing,Low,Low
Material no series nor shake against four water.,Motivated,S623,Eye of the Tiger,Survivor,Rock,109,Energetic,High,Medium
Nor operation wind tend family citizen.,Relaxed,S624,Weightless,Marconi Union,Ambient,50,Calm,Low,Low
Claim cause food star case.,Sad,S625,Fix You,Coldplay,Rock,75,Emotional,Low,Medium
Professional point information politics miss wall.,Motivated,S626,Eye of the Tiger,Survivor,Rock,109,Energetic,High,Medium
Clear reality focus life system site like.,Relaxed,S627,Clair de Lune,Debussy,Classical,60,Soothing,Low,Low
Throw painting significant hour art others drive.,Happy,S628,Happy,Pharrell Williams,Pop,160,Joyful,High,High
Assume myself on seven.,Happy,S629,Happy,Pharrell Williams,Pop,160,Joyful,High,High
Degree sister develop.,Happy,S630,Uptown Funk,Bruno Mars,Funk,115,Energetic,High,High
Check process lead suddenly.,Sad,S631,Someone Like You,Adele,Pop,67,Melancholic,Low,Low
Weight send art dark measure.,Motivated,S632,Stronger,Kanye West,Hip-Hop,130,Powerful,High,High
Watch military service hundred fear.,Motivated,S633,Eye of the Tiger,Survivor,Rock,109,Energetic,High,Medium
Choose treatment billion goal everything away condition.,Sad,S634,Someone Like You,Adele,Pop,67,Melancholic,Low,Low
Color drug collection.,Happy,S635,Uptown Funk,Bruno Mars,Funk,115,Energetic,High,High
Stay figure phone federal box office while.,Relaxed,S636,Clair de Lune,Debussy,Classical,60,Soothing,Low,Low
Move attention party structure.,Motivated,S637,Stronger,Kanye West,Hip-Hop,130,Powerful,High,High
Traditional administration could job.,Happy,S638,Uptown Funk,Bruno Mars,Funk,115,Energetic,High,High
Approach citizen TV cover store civil.,Motivated,S639,Eye of the Tiger,Survivor,Rock,109,Energetic,High,Medium
Energy imagine surface often article begin subject.,Sad,S640,Someone Like You,Adele,Pop,67,Melancholic,Low,Low
Hour standard radio note tax many tell.,Happy,S641,Uptown Funk,Bruno Mars,Funk,115,Energetic,High,High
Exactly to suddenly inside.,Happy,S642,Uptown Funk,Bruno Mars,Funk,115,Energetic,High,High
Safe girl score paper.,Relaxed,S643,Clair de Lune,Debussy,Classical,60,Soothing,Low,Low
Explain work recognize work.,Motivated,S644,Eye of the Tiger,Survivor,Rock,109,Energetic,High,Medium
Bank heavy range land teach happen guy century.,Sad,S645,Someone Like You,Adele,Pop,67,Melancholic,Low,Low
Friend environment real conference church.,Happy,S646,Uptown Funk,Bruno Mars,Funk,115,Energetic,High,High
Interesting worker marriage far.,Happy,S647,Happy,Pharrell Williams,Pop,160,Joyful,High,High
Financial team information travel case.,Happy,S648,Happy,Pharrell Williams,Pop,160,Joyful,High,High
Alone detail own his.,Happy,S649,Uptown Funk,Bruno Mars,Funk,115,Energetic,High,High
Popular blue movie easy arrive read visit.,Motivated,S650,Eye of the Tiger,Survivor,Rock,109,Energetic,High,Medium
Treatment machine parent safe tax market approach pull.,Motivated,S651,Stronger,Kanye West,Hip-Hop,130,Powerful,High,High
Safe process at I apply single.,Sad,S652,Fix You,Coldplay,Rock,75,Emotional,Low,Medium
Think real real well last.,Sad,S653,Fix You,Coldplay,Rock,75,Emotional,Low,Medium
Various member president nature I.,Sad,S654,Fix You,Coldplay,Rock,75,Emotional,Low,Medium
Second ago least father.,Relaxed,S655,Weightless,Marconi Union,Ambient,50,Calm,Low,Low
Identify garden public or financial room may power.,Motivated,S656,Stronger,Kanye West,Hip-Hop,130,Powerful,High,High
Century toward anyone talk behind authority couple.,Happy,S657,Happy,Pharrell Williams,Pop,160,Joyful,High,High
Matter outside bit idea practice.,Relaxed,S658,Clair de Lune,Debussy,Classical,60,Soothing,Low,Low
Institution rich stop.,Motivated,S659,Eye of the Tiger,Survivor,Rock,109,Energetic,High,Medium
Right rate paper opportunity person election.,Sad,S660,Someone Like You,Adele,Pop,67,Melancholic,Low,Low
Growth century as of glass professor.,Sad,S661,Fix You,Coldplay,Rock,75,Emotional,Low,Medium
Memory former we maintain.,Relaxed,S662,Weightless,Marconi Union,Ambient,50,Calm,Low,Low
Trouble physical surface wrong present pass.,Motivated,S663,Eye of the Tiger,Survivor,Rock,109,Energetic,High,Medium
Avoid call interest artist.,Motivated,S664,Eye of the Tiger,Survivor,Rock,109,Energetic,High,Medium
Sea cut especially why sea student similar.,Relaxed,S665,Clair de Lune,Debussy,Classical,60,Soothing,Low,Low
Thought four interview gun land education.,Sad,S666,Fix You,Coldplay,Rock,75,Emotional,Low,Medium
Mrs detail development anyone commercial.,Sad,S667,Fix You,Coldplay,Rock,75,Emotional,Low,Medium
Management several build picture agree author entire sport.,Relaxed,S668,Clair de Lune,Debussy,Classical,60,Soothing,Low,Low
Here difficult power card movie behavior Congress.,Motivated,S669,Eye of the Tiger,Survivor,Rock,109,Energetic,High,Medium
Adult environment dinner read body law.,Relaxed,S670,Weightless,Marconi Union,Ambient,50,Calm,Low,Low
Stop bank people within speak.,Motivated,S671,Eye of the Tiger,Survivor,Rock,109,Energetic,High,Medium
Step group partner but.,Sad,S672,Fix You,Coldplay,Rock,75,Emotional,Low,Medium
Those rock just present.,Relaxed,S673,Weightless,Marconi Union,Ambient,50,Calm,Low,Low
Card new air though.,Motivated,S674,Stronger,Kanye West,Hip-Hop,130,Powerful,High,High
Sound reality professor stock human station.,Happy,S675,Happy,Pharrell Williams,Pop,160,Joyful,High,High
Person open policy set mission movie.,Happy,S676,Happy,Pharrell Williams,Pop,160,Joyful,High,High
Upon popular people country list foreign.,Happy,S677,Happy,Pharrell Williams,Pop,160,Joyful,High,High
Body pattern generation create address page.,Relaxed,S678,Weightless,Marconi Union,Ambient,50,Calm,Low,Low
Politics significant truth stock identify.,Happy,S679,Uptown Funk,Bruno Mars,Funk,115,Energetic,High,High
Break but guy some suffer.,Relaxed,S680,Clair de Lune,Debussy,Classical,60,Soothing,Low,Low
Stock son institution whatever.,Happy,S681,Happy,Pharrell Williams,Pop,160,Joyful,High,High
Street air manager production life building.,Motivated,S682,Stronger,Kanye West,Hip-Hop,130,Powerful,High,High
Tell wall strategy federal here lay.,Happy,S683,Uptown Funk,Bruno Mars,Funk,115,Energetic,High,High
Stay manage evening data send evidence walk car.,Happy,S684,Uptown Funk,Bruno Mars,Funk,115,Energetic,High,High
Personal series seat bring.,Happy,S685,Uptown Funk,Bruno Mars,Funk,115,Energetic,High,High
Drive his cut.,Motivated,S686,Eye of the Tiger,Survivor,Rock,109,Energetic,High,Medium
Plan against hot spend mind financial ten too.,Happy,S687,Happy,Pharrell Williams,Pop,160,Joyful,High,High
Serve ground fight finally.,Sad,S688,Someone Like You,Adele,Pop,67,Melancholic,Low,Low
Establish note summer beautiful daughter his go.,Relaxed,S689,Weightless,Marconi Union,Ambient,50,Calm,Low,Low
Line drug leave health it agent.,Happy,S690,Happy,Pharrell Williams,Pop,160,Joyful,High,High
Movie bar war specific chair.,Relaxed,S691,Clair de Lune,Debussy,Classical,60,Soothing,Low,Low
Available week remain apply now admit act.,Motivated,S692,Eye of the Tiger,Survivor,Rock,109,Energetic,High,Medium
Indeed generation carry action argue rather population.,Relaxed,S693,Clair de Lune,Debussy,Classical,60,Soothing,Low,Low
Wide either young strong.,Motivated,S694,Eye of the Tiger,Survivor,Rock,109,Energetic,High,Medium
Phone argue attention character truth field heavy.,Relaxed,S695,Weightless,Marconi Union,Ambient,50,Calm,Low,Low
Face central tough common response charge.,Sad,S696,Fix You,Coldplay,Rock,75,Emotional,Low,Medium
Better fall music situation sister.,Motivated,S697,Stronger,Kanye West,Hip-Hop,130,Powerful,High,High
During ahead bill trouble goal computer.,Happy,S698,Happy,Pharrell Williams,Pop,160,Joyful,High,High
Between arrive trade rest.,Motivated,S699,Stronger,Kanye West,Hip-Hop,130,Powerful,High,High
Staff bad wall special.,Motivated,S700,Eye of the Tiger,Survivor,Rock,109,Energetic,High,Medium
Character away major stay put.,Motivated,S701,Stronger,Kanye West,Hip-Hop,130,Powerful,High,High
Color develop about newspaper current.,Happy,S702,Uptown Funk,Bruno Mars,Funk,115,Energetic,High,High
Cold former deep accept.,Happy,S703,Uptown Funk,Bruno Mars,Funk,115,Energetic,High,High
Coach western similar season fine.,Relaxed,S704,Clair de Lune,Debussy,Classical,60,Soothing,Low,Low
Nor education college.,Motivated,S705,Stronger,Kanye West,Hip-Hop,130,Powerful,High,High
Six clearly real moment meet throw.,Motivated,S706,Stronger,Kanye West,Hip-Hop,130,Powerful,High,High
Trial exist prepare minute break.,Sad,S707,Someone Like You,Adele,Pop,67,Melancholic,Low,Low
Space candidate activity plan sport wonder share.,Sad,S708,Fix You,Coldplay,Rock,75,Emotional,Low,Medium
Woman produce lose matter but garden student.,Happy,S709,Happy,Pharrell Williams,Pop,160,Joyful,High,High
News top image through past onto community.,Relaxed,S710,Weightless,Marconi Union,Ambient,50,Calm,Low,Low
Result recently establish form once certainly day.,Happy,S711,Happy,Pharrell Williams,Pop,160,Joyful,High,High
Federal painting election follow agent someone several check.,Relaxed,S712,Clair de Lune,Debussy,Classical,60,Soothing,Low,Low
Method perhaps keep seven sport body hour task.,Happy,S713,Uptown Funk,Bruno Mars,Funk,115,Energetic,High,High
Great short part team discuss maybe.,Relaxed,S714,Weightless,Marconi Union,Ambient,50,Calm,Low,Low
Purpose camera he strategy guess later career.,Sad,S715,Someone Like You,Adele,Pop,67,Melancholic,Low,Low
Assume center local theory tough effect goal stage.,Motivated,S716,Stronger,Kanye West,Hip-Hop,130,Powerful,High,High
Federal finish suggest opportunity field friend fall not.,Sad,S717,Fix You,Coldplay,Rock,75,Emotional,Low,Medium
Serious religious worry left purpose.,Motivated,S718,Eye of the Tiger,Survivor,Rock,109,Energetic,High,Medium
Total heart environment this chance painting fine.,Motivated,S719,Stronger,Kanye West,Hip-Hop,130,Powerful,High,High
Direction natural race successful call six.,Relaxed,S720,Clair de Lune,Debussy,Classical,60,Soothing,Low,Low
Prepare while exist drug dinner.,Motivated,S721,Eye of the Tiger,Survivor,Rock,109,Energetic,High,Medium
Successful tough career trial sea.,Motivated,S722,Stronger,Kanye West,Hip-Hop,130,Powerful,High,High
Why film name production manage off.,Sad,S723,Someone Like You,Adele,Pop,67,Melancholic,Low,Low
Maybe family rather son hit.,Relaxed,S724,Clair de Lune,Debussy,Classical,60,Soothing,Low,Low
Team heart arm together drop wear.,Motivated,S725,Eye of the Tiger,Survivor,Rock,109,Energetic,High,Medium
This begin treatment.,Happy,S726,Uptown Funk,Bruno Mars,Funk,115,Energetic,High,High
Degree me character official.,Happy,S727,Uptown Funk,Bruno Mars,Funk,115,Energetic,High,High
Operation trouble heavy prepare.,Motivated,S728,Eye of the Tiger,Survivor,Rock,109,Energetic,High,Medium
Best whose least foot keep.,Relaxed,S729,Clair de Lune,Debussy,Classical,60,Soothing,Low,Low
Natural author dark not.,Relaxed,S730,Clair de Lune,Debussy,Classical,60,Soothing,Low,Low
Home enough debate draw church sell.,Happy,S731,Uptown Funk,Bruno Mars,Funk,115,Energetic,High,High
Song cover campaign our situation popular.,Happy,S732,Happy,Pharrell Williams,Pop,160,Joyful,High,High
Soon debate with raise class especially.,Motivated,S733,Eye of the Tiger,Survivor,Rock,109,Energetic,High,Medium
End light surface family father.,Relaxed,S734,Clair de Lune,Debussy,Classical,60,Soothing,Low,Low
Room writer step trial per.,Happy,S735,Happy,Pharrell Williams,Pop,160,Joyful,High,High
Shoulder truth arrive mind.,Motivated,S736,Stronger,Kanye West,Hip-Hop,130,Powerful,High,High
Along picture impact need necessary.,Happy,S737,Uptown Funk,Bruno Mars,Funk,115,Energetic,High,High
Center American over until.,Motivated,S738,Stronger,Kanye West,Hip-Hop,130,Powerful,High,High
Gas understand gas really.,Happy,S739,Happy,Pharrell Williams,Pop,160,Joyful,High,High
Unit near which class car hit any move.,Relaxed,S740,Clair de Lune,Debussy,Classical,60,Soothing,Low,Low
At game laugh finish.,Sad,S741,Fix You,Coldplay,Rock,75,Emotional,Low,Medium
Choose leg then per just theory seven break.,Motivated,S742,Stronger,Kanye West,Hip-Hop,130,Powerful,High,High
Whether stand upon.,Motivated,S743,Eye of the Tiger,Survivor,Rock,109,Energetic,High,Medium
Without fear official region.,Motivated,S744,Stronger,Kanye West,Hip-Hop,130,Powerful,High,High
Little toward radio amount sense.,Motivated,S745,Stronger,Kanye West,Hip-Hop,130,Powerful,High,High
Middle hour executive garden fire.,Sad,S746,Someone Like You,Adele,Pop,67,Melancholic,Low,Low
Gas manager run president entire trip agency.,Relaxed,S747,Weightless,Marconi Union,Ambient,50,Calm,Low,Low
Play student care sound back learn.,Sad,S748,Someone Like You,Adele,Pop,67,Melancholic,Low,Low
Cold nation hit free meeting statement.,Motivated,S749,Eye of the Tiger,Survivor,Rock,109,Energetic,High,Medium
Focus law toward push me.,Sad,S750,Someone Like You,Adele,Pop,67,Melancholic,Low,Low
Investment save sea budget player anything.,Sad,S751,Fix You,Coldplay,Rock,75,Emotional,Low,Medium
Sea help amount concern hair magazine.,Motivated,S752,Stronger,Kanye West,Hip-Hop,130,Powerful,High,High
Than stay old perhaps discussion indeed get.,Sad,S753,Fix You,Coldplay,Rock,75,Emotional,Low,Medium
Successful into despite until purpose decide forward.,Sad,S754,Someone Like You,Adele,Pop,67,Melancholic,Low,Low
Simple whatever level someone.,Motivated,S755,Eye of the Tiger,Survivor,Rock,109,Energetic,High,Medium
Themselves culture environmental billion site central security.,Motivated,S756,Stronger,Kanye West,Hip-Hop,130,Powerful,High,High
Material amount guess newspaper make official question simple.,Relaxed,S757,Weightless,Marconi Union,Ambient,50,Calm,Low,Low
Bed enter market firm baby child.,Motivated,S758,Eye of the Tiger,Survivor,Rock,109,Energetic,High,Medium
By into soon left food tell.,Relaxed,S759,Clair de Lune,Debussy,Classical,60,Soothing,Low,Low
Computer provide computer phone threat include foot.,Relaxed,S760,Weightless,Marconi Union,Ambient,50,Calm,Low,Low
Mission leave next film develop real art.,Sad,S761,Fix You,Coldplay,Rock,75,Emotional,Low,Medium
Why capital nearly yard raise western between yes.,Happy,S762,Happy,Pharrell Williams,Pop,160,Joyful,High,High
Unit save before smile compare.,Relaxed,S763,Clair de Lune,Debussy,Classical,60,Soothing,Low,Low
Meeting food Democrat whether middle fear eye.,Sad,S764,Someone Like You,Adele,Pop,67,Melancholic,Low,Low
Animal everything drive full gas.,Sad,S765,Someone Like You,Adele,Pop,67,Melancholic,Low,Low
Party analysis subject off dinner mission wish sing.,Happy,S766,Uptown Funk,Bruno Mars,Funk,115,Energetic,High,High
Toward require front reason economic such economy current.,Happy,S767,Happy,Pharrell Williams,Pop,160,Joyful,High,High
Than popular yard than against understand black.,Happy,S768,Happy,Pharrell Williams,Pop,160,Joyful,High,High
Name before foreign send as.,Relaxed,S769,Weightless,Marconi Union,Ambient,50,Calm,Low,Low
Morning movie join air politics something.,Motivated,S770,Stronger,Kanye West,Hip-Hop,130,Powerful,High,High
Exactly form strategy.,Sad,S771,Fix You,Coldplay,Rock,75,Emotional,Low,Medium
Best begin raise chair player adult increase.,Motivated,S772,Stronger,Kanye West,Hip-Hop,130,Powerful,High,High
First condition yet party around tonight administration.,Motivated,S773,Stronger,Kanye West,Hip-Hop,130,Powerful,High,High
Fire wide pretty give safe long own.,Motivated,S774,Stronger,Kanye West,Hip-Hop,130,Powerful,High,High
Career can yes professor.,Motivated,S775,Eye of the Tiger,Survivor,Rock,109,Energetic,High,Medium
Pm officer whose.,Relaxed,S776,Clair de Lune,Debussy,Classical,60,Soothing,Low,Low
Wish serious size bag.,Relaxed,S777,Clair de Lune,Debussy,Classical,60,Soothing,Low,Low
Form find plant work last production animal summer.,Happy,S778,Uptown Funk,Bruno Mars,Funk,115,Energetic,High,High
Ready garden article laugh pay.,Sad,S779,Someone Like You,Adele,Pop,67,Melancholic,Low,Low
Ability force natural particular study.,Happy,S780,Happy,Pharrell Williams,Pop,160,Joyful,High,High
Glass build modern long sit future.,Happy,S781,Uptown Funk,Bruno Mars,Funk,115,Energetic,High,High
Tough police item building see.,Motivated,S782,Stronger,Kanye West,Hip-Hop,130,Powerful,High,High
Contain certainly include compare single attention participant.,Sad,S783,Fix You,Coldplay,Rock,75,Emotional,Low,Medium
Just program summer occur thing want street capital.,Sad,S784,Someone Like You,Adele,Pop,67,Melancholic,Low,Low
Same remain choice able could suffer own.,Motivated,S785,Eye of the Tiger,Survivor,Rock,109,Energetic,High,Medium
Fast board charge then and really.,Relaxed,S786,Weightless,Marconi Union,Ambient,50,Calm,Low,Low
Wrong treatment mention not performance financial.,Motivated,S787,Eye of the Tiger,Survivor,Rock,109,Energetic,High,Medium
Finish than protect good.,Motivated,S788,Stronger,Kanye West,Hip-Hop,130,Powerful,High,High
Ask bad activity around tree hair.,Motivated,S789,Stronger,Kanye West,Hip-Hop,130,Powerful,High,High
Company number customer wife check trade center.,Sad,S790,Fix You,Coldplay,Rock,75,Emotional,Low,Medium
Light rather bit edge second almost value save.,Motivated,S791,Stronger,Kanye West,Hip-Hop,130,Powerful,High,High
Interview school design his six.,Sad,S792,Fix You,Coldplay,Rock,75,Emotional,Low,Medium
Pay draw material will nation believe painting.,Relaxed,S793,Weightless,Marconi Union,Ambient,50,Calm,Low,Low
Summer key simply expert whose cultural still.,Sad,S794,Fix You,Coldplay,Rock,75,Emotional,Low,Medium
Challenge service apply dark officer collection.,Sad,S795,Fix You,Coldplay,Rock,75,Emotional,Low,Medium
Knowledge surface since dark book plant.,Motivated,S796,Eye of the Tiger,Survivor,Rock,109,Energetic,High,Medium
Huge discuss compare concern old continue.,Sad,S797,Fix You,Coldplay,Rock,75,Emotional,Low,Medium
Huge cultural cut sort health.,Motivated,S798,Stronger,Kanye West,Hip-Hop,130,Powerful,High,High
Daughter I effect price glass list push southern.,Motivated,S799,Stronger,Kanye West,Hip-Hop,130,Powerful,High,High
Goal song side would almost.,Motivated,S800,Stronger,Kanye West,Hip-Hop,130,Powerful,High,High
Rich report theory simple drive person.,Relaxed,S801,Weightless,Marconi Union,Ambient,50,Calm,Low,Low
Continue room house itself.,Motivated,S802,Stronger,Kanye West,Hip-Hop,130,Powerful,High,High
Describe require none around.,Motivated,S803,Stronger,Kanye West,Hip-Hop,130,Powerful,High,High
Present eight risk stand page security consider.,Motivated,S804,Eye of the Tiger,Survivor,Rock,109,Energetic,High,Medium
Responsibility part peace home rule family sing.,Relaxed,S805,Clair de Lune,Debussy,Classical,60,Soothing,Low,Low
Focus option true whatever.,Relaxed,S806,Weightless,Marconi Union,Ambient,50,Calm,Low,Low
Recent soon push president concern loss.,Motivated,S807,Stronger,Kanye West,Hip-Hop,130,Powerful,High,High
Wonder hold system yet.,Motivated,S808,Eye of the Tiger,Survivor,Rock,109,Energetic,High,Medium
Much do marriage.,Motivated,S809,Stronger,Kanye West,Hip-Hop,130,Powerful,High,High
Far right present lot show.,Motivated,S810,Stronger,Kanye West,Hip-Hop,130,Powerful,High,High
Current expert represent across.,Sad,S811,Fix You,Coldplay,Rock,75,Emotional,Low,Medium
House southern budget sister.,Sad,S812,Fix You,Coldplay,Rock,75,Emotional,Low,Medium
Save office story stand job.,Relaxed,S813,Clair de Lune,Debussy,Classical,60,Soothing,Low,Low
Exist always long defense detail.,Relaxed,S814,Clair de Lune,Debussy,Classical,60,Soothing,Low,Low
Find carry military respond safe.,Happy,S815,Uptown Funk,Bruno Mars,Funk,115,Energetic,High,High
Within cover animal glass industry number art.,Motivated,S816,Eye of the Tiger,Survivor,Rock,109,Energetic,High,Medium
Color employee get teacher security last any.,Happy,S817,Happy,Pharrell Williams,Pop,160,Joyful,High,High
Although group easy company activity.,Happy,S818,Uptown Funk,Bruno Mars,Funk,115,Energetic,High,High
Prove since scene without institution.,Sad,S819,Someone Like You,Adele,Pop,67,Melancholic,Low,Low
Girl carry indicate section.,Sad,S820,Someone Like You,Adele,Pop,67,Melancholic,Low,Low
Message away item down sit job role different.,Sad,S821,Someone Like You,Adele,Pop,67,Melancholic,Low,Low
Account myself system carry daughter.,Sad,S822,Fix You,Coldplay,Rock,75,Emotional,Low,Medium
Finally protect account.,Happy,S823,Happy,Pharrell Williams,Pop,160,Joyful,High,High
Defense member final different him letter smile.,Happy,S824,Uptown Funk,Bruno Mars,Funk,115,Energetic,High,High
Guy we cultural.,Relaxed,S825,Clair de Lune,Debussy,Classical,60,Soothing,Low,Low
Gas million add probably.,Happy,S826,Happy,Pharrell Williams,Pop,160,Joyful,High,High
Address manage involve tonight technology worry herself compare.,Relaxed,S827,Clair de Lune,Debussy,Classical,60,Soothing,Low,Low
Gas blood heavy drop parent off.,Relaxed,S828,Clair de Lune,Debussy,Classical,60,Soothing,Low,Low
Plant beat behavior sister.,Relaxed,S829,Clair de Lune,Debussy,Classical,60,Soothing,Low,Low
Tend full away pull late speech.,Happy,S830,Uptown Funk,Bruno Mars,Funk,115,Energetic,High,High
Movement team customer small.,Sad,S831,Someone Like You,Adele,Pop,67,Melancholic,Low,Low
Figure financial generation them say trouble.,Relaxed,S832,Weightless,Marconi Union,Ambient,50,Calm,Low,Low
Garden investment easy economy.,Relaxed,S833,Clair de Lune,Debussy,Classical,60,Soothing,Low,Low
When idea seven with couple election.,Relaxed,S834,Weightless,Marconi Union,Ambient,50,Calm,Low,Low
Seem assume activity moment reveal first whether.,Sad,S835,Fix You,Coldplay,Rock,75,Emotional,Low,Medium
Action necessary because.,Motivated,S836,Stronger,Kanye West,Hip-Hop,130,Powerful,High,High
Force heavy day toward time.,Relaxed,S837,Weightless,Marconi Union,Ambient,50,Calm,Low,Low
Book her such morning similar pay get.,Relaxed,S838,Clair de Lune,Debussy,Classical,60,Soothing,Low,Low
They page go son design church health.,Relaxed,S839,Clair de Lune,Debussy,Classical,60,Soothing,Low,Low
Example yeah there activity discussion.,Relaxed,S840,Clair de Lune,Debussy,Classical,60,Soothing,Low,Low
Skin because cultural population travel.,Relaxed,S841,Clair de Lune,Debussy,Classical,60,Soothing,Low,Low
Report back before American site.,Happy,S842,Uptown Funk,Bruno Mars,Funk,115,Energetic,High,High
International various space still enter act.,Relaxed,S843,Clair de Lune,Debussy,Classical,60,Soothing,Low,Low
Toward area number success.,Happy,S844,Happy,Pharrell Williams,Pop,160,Joyful,High,High
Else speech where final support friend boy.,Relaxed,S845,Clair de Lune,Debussy,Classical,60,Soothing,Low,Low
Expert compare cover likely maybe project.,Happy,S846,Uptown Funk,Bruno Mars,Funk,115,Energetic,High,High
Either word bar fast.,Happy,S847,Happy,Pharrell Williams,Pop,160,Joyful,High,High
Help maintain create suddenly sit.,Motivated,S848,Stronger,Kanye West,Hip-Hop,130,Powerful,High,High
President best network possible.,Happy,S849,Happy,Pharrell Williams,Pop,160,Joyful,High,High
Reach consider responsibility popular.,Motivated,S850,Eye of the Tiger,Survivor,Rock,109,Energetic,High,Medium
Listen central window peace realize conference blood.,Motivated,S851,Stronger,Kanye West,Hip-Hop,130,Powerful,High,High
Mouth probably everybody present perform public.,Motivated,S852,Stronger,Kanye West,Hip-Hop,130,Powerful,High,High
Environment movie range modern.,Relaxed,S853,Clair de Lune,Debussy,Classical,60,Soothing,Low,Low
Price spend when.,Relaxed,S854,Weightless,Marconi Union,Ambient,50,Calm,Low,Low
He mouth process walk.,Happy,S855,Uptown Funk,Bruno Mars,Funk,115,Energetic,High,High
Near remember outside cost every.,Relaxed,S856,Weightless,Marconi Union,Ambient,50,Calm,Low,Low
Decide finish science pass where.,Happy,S857,Happy,Pharrell Williams,Pop,160,Joyful,High,High
Space political senior success play magazine.,Happy,S858,Happy,Pharrell Williams,Pop,160,Joyful,High,High
Establish agency follow nice available.,Sad,S859,Fix You,Coldplay,Rock,75,Emotional,Low,Medium
Million throughout environment leader necessary.,Motivated,S860,Stronger,Kanye West,Hip-Hop,130,Powerful,High,High
Decide work material.,Happy,S861,Happy,Pharrell Williams,Pop,160,Joyful,High,High
Example approach claim ahead.,Sad,S862,Fix You,Coldplay,Rock,75,Emotional,Low,Medium
With rock west live no and stay.,Motivated,S863,Stronger,Kanye West,Hip-Hop,130,Powerful,High,High
Budget avoid site.,Sad,S864,Fix You,Coldplay,Rock,75,Emotional,Low,Medium
Image pretty what relationship official effect.,Motivated,S865,Eye of the Tiger,Survivor,Rock,109,Energetic,High,Medium
Read recent security somebody personal site.,Happy,S866,Uptown Funk,Bruno Mars,Funk,115,Energetic,High,High
For population key including million difficult.,Motivated,S867,Stronger,Kanye West,Hip-Hop,130,Powerful,High,High
Push within cause less top.,Motivated,S868,Stronger,Kanye West,Hip-Hop,130,Powerful,High,High
Risk think certain staff half memory then.,Sad,S869,Someone Like You,Adele,Pop,67,Melancholic,Low,Low
Rise coach debate center actually low adult result.,Relaxed,S870,Weightless,Marconi Union,Ambient,50,Calm,Low,Low
Who power office.,Happy,S871,Happy,Pharrell Williams,Pop,160,Joyful,High,High
Happy go toward simply.,Motivated,S872,Eye of the Tiger,Survivor,Rock,109,Energetic,High,Medium
We same mind southern interest participant step.,Happy,S873,Happy,Pharrell Williams,Pop,160,Joyful,High,High
Shoulder result cultural sister cause system positive small.,Motivated,S874,Stronger,Kanye West,Hip-Hop,130,Powerful,High,High
This poor could carry them manage beautiful.,Happy,S875,Uptown Funk,Bruno Mars,Funk,115,Energetic,High,High
Figure by once.,Sad,S876,Fix You,Coldplay,Rock,75,Emotional,Low,Medium
Issue local family among ask practice.,Sad,S877,Fix You,Coldplay,Rock,75,Emotional,Low,Medium
Least break we maybe something.,Happy,S878,Uptown Funk,Bruno Mars,Funk,115,Energetic,High,High
Open within ahead seek.,Happy,S879,Uptown Funk,Bruno Mars,Funk,115,Energetic,High,High
In a size firm popular become line.,Sad,S880,Fix You,Coldplay,Rock,75,Emotional,Low,Medium
Foot available eight window develop.,Motivated,S881,Eye of the Tiger,Survivor,Rock,109,Energetic,High,Medium
Spend prove degree important Republican.,Happy,S882,Happy,Pharrell Williams,Pop,160,Joyful,High,High
Medical low already sea report Republican age party.,Sad,S883,Someone Like You,Adele,Pop,67,Melancholic,Low,Low
Front happen visit government.,Relaxed,S884,Weightless,Marconi Union,Ambient,50,Calm,Low,Low
Buy another everyone large husband whole majority.,Relaxed,S885,Clair de Lune,Debussy,Classical,60,Soothing,Low,Low
Candidate Democrat sound American read scene as.,Sad,S886,Fix You,Coldplay,Rock,75,Emotional,Low,Medium
Amount trial age now peace method whatever.,Sad,S887,Fix You,Coldplay,Rock,75,Emotional,Low,Medium
Enough rich alone team real whether prevent.,Motivated,S888,Stronger,Kanye West,Hip-Hop,130,Powerful,High,High
Street late see responsibility watch decision mind.,Relaxed,S889,Weightless,Marconi Union,Ambient,50,Calm,Low,Low
Large condition dream play back.,Happy,S890,Uptown Funk,Bruno Mars,Funk,115,Energetic,High,High
Drive single heart need science.,Motivated,S891,Stronger,Kanye West,Hip-Hop,130,Powerful,High,High
Participant better consumer movie.,Motivated,S892,Stronger,Kanye West,Hip-Hop,130,Powerful,High,High
Security us because job.,Happy,S893,Happy,Pharrell Williams,Pop,160,Joyful,High,High
Themselves choice sometimes field benefit force one.,Happy,S894,Uptown Funk,Bruno Mars,Funk,115,Energetic,High,High
Add dream least ready past specific.,Motivated,S895,Eye of the Tiger,Survivor,Rock,109,Energetic,High,Medium
Fall two five Congress return.,Motivated,S896,Eye of the Tiger,Survivor,Rock,109,Energetic,High,Medium
Senior environment role risk memory ball.,Sad,S897,Someone Like You,Adele,Pop,67,Melancholic,Low,Low
Hot vote various my tree.,Motivated,S898,Stronger,Kanye West,Hip-Hop,130,Powerful,High,High
American hospital lose during sense also rich.,Motivated,S899,Eye of the Tiger,Survivor,Rock,109,Energetic,High,Medium
Skill night gun process.,Motivated,S900,Eye of the Tiger,Survivor,Rock,109,Energetic,High,Medium
Resource perform modern range.,Happy,S901,Happy,Pharrell Williams,Pop,160,Joyful,High,High
Pattern college education hit.,Relaxed,S902,Weightless,Marconi Union,Ambient,50,Calm,Low,Low
Something early every growth quite foreign.,Sad,S903,Someone Like You,Adele,Pop,67,Melancholic,Low,Low
Prove whether company project sure marriage door.,Relaxed,S904,Weightless,Marconi Union,Ambient,50,Calm,Low,Low
Type air sign.,Motivated,S905,Eye of the Tiger,Survivor,Rock,109,Energetic,High,Medium
Describe add moment make condition inside.,Motivated,S906,Stronger,Kanye West,Hip-Hop,130,Powerful,High,High
Minute away sister improve wide staff apply.,Relaxed,S907,Clair de Lune,Debussy,Classical,60,Soothing,Low,Low
Term board test wife.,Relaxed,S908,Weightless,Marconi Union,Ambient,50,Calm,Low,Low
Street start knowledge fund say pay.,Relaxed,S909,Clair de Lune,Debussy,Classical,60,Soothing,Low,Low
Much accept herself step.,Relaxed,S910,Weightless,Marconi Union,Ambient,50,Calm,Low,Low
Maybe southern hand rather film.,Motivated,S911,Eye of the Tiger,Survivor,Rock,109,Energetic,High,Medium
Small but car save will.,Sad,S912,Someone Like You,Adele,Pop,67,Melancholic,Low,Low
Evidence card although likely.,Happy,S913,Uptown Funk,Bruno Mars,Funk,115,Energetic,High,High
Onto set significant few.,Motivated,S914,Stronger,Kanye West,Hip-Hop,130,Powerful,High,High
Through world reach Mr current any sound.,Motivated,S915,Stronger,Kanye West,Hip-Hop,130,Powerful,High,High
Box pull project a peace discuss.,Happy,S916,Happy,Pharrell Williams,Pop,160,Joyful,High,High
Hand television quickly suddenly reason color movement.,Sad,S917,Fix You,Coldplay,Rock,75,Emotional,Low,Medium
Someone cut future.,Motivated,S918,Eye of the Tiger,Survivor,Rock,109,Energetic,High,Medium
Bag outside sense.,Sad,S919,Fix You,Coldplay,Rock,75,Emotional,Low,Medium
Country bar type seem mean.,Sad,S920,Someone Like You,Adele,Pop,67,Melancholic,Low,Low
Mind news region small.,Motivated,S921,Eye of the Tiger,Survivor,Rock,109,Energetic,High,Medium
Music environment around lose fine anyone.,Sad,S922,Someone Like You,Adele,Pop,67,Melancholic,Low,Low
Third six any thought not say during.,Sad,S923,Fix You,Coldplay,Rock,75,Emotional,Low,Medium
Baby music list yes leader must.,Sad,S924,Fix You,Coldplay,Rock,75,Emotional,Low,Medium
Hope ten conference hold.,Motivated,S925,Eye of the Tiger,Survivor,Rock,109,Energetic,High,Medium
Add according personal forget pay career amount.,Sad,S926,Someone Like You,Adele,Pop,67,Melancholic,Low,Low
Sense product offer crime break put.,Happy,S927,Happy,Pharrell Williams,Pop,160,Joyful,High,High
Receive fund agreement anything.,Relaxed,S928,Weightless,Marconi Union,Ambient,50,Calm,Low,Low
Special manage prove participant.,Happy,S929,Happy,Pharrell Williams,Pop,160,Joyful,High,High
Support so land behind size.,Motivated,S930,Eye of the Tiger,Survivor,Rock,109,Energetic,High,Medium
Old manage shake provide.,Happy,S931,Happy,Pharrell Williams,Pop,160,Joyful,High,High
Treat maybe threat man eat your.,Happy,S932,Happy,Pharrell Williams,Pop,160,Joyful,High,High
People myself least chair program pressure.,Relaxed,S933,Clair de Lune,Debussy,Classical,60,Soothing,Low,Low
Sell send shake perhaps adult.,Happy,S934,Uptown Funk,Bruno Mars,Funk,115,Energetic,High,High
Dog past series exactly set.,Sad,S935,Fix You,Coldplay,Rock,75,Emotional,Low,Medium
Cut another summer second.,Motivated,S936,Stronger,Kanye West,Hip-Hop,130,Powerful,High,High
Bit firm investment with though prevent rock door.,Relaxed,S937,Clair de Lune,Debussy,Classical,60,Soothing,Low,Low
Education country even page.,Relaxed,S938,Clair de Lune,Debussy,Classical,60,Soothing,Low,Low
Soldier bed machine no.,Happy,S939,Happy,Pharrell Williams,Pop,160,Joyful,High,High
Court service baby society American.,Happy,S940,Happy,Pharrell Williams,Pop,160,Joyful,High,High
Start position play.,Relaxed,S941,Clair de Lune,Debussy,Classical,60,Soothing,Low,Low
No go trial value institution account perhaps.,Motivated,S942,Stronger,Kanye West,Hip-Hop,130,Powerful,High,High
Claim myself strong most seem again away.,Sad,S943,Someone Like You,Adele,Pop,67,Melancholic,Low,Low
Foot west whether play lead require receive.,Sad,S944,Someone Like You,Adele,Pop,67,Melancholic,Low,Low
Executive choose rather white.,Happy,S945,Uptown Funk,Bruno Mars,Funk,115,Energetic,High,High
Action determine water finally since.,Relaxed,S946,Clair de Lune,Debussy,Classical,60,Soothing,Low,Low
Education hour thus walk student lay affect along.,Relaxed,S947,Clair de Lune,Debussy,Classical,60,Soothing,Low,Low
Development cell wait population five.,Motivated,S948,Eye of the Tiger,Survivor,Rock,109,Energetic,High,Medium
Believe board couple for product budget.,Motivated,S949,Eye of the Tiger,Survivor,Rock,109,Energetic,High,Medium
Force enter economic month television student.,Motivated,S950,Eye of the Tiger,Survivor,Rock,109,Energetic,High,Medium
Already possible subject perhaps growth school.,Sad,S951,Fix You,Coldplay,Rock,75,Emotional,Low,Medium
Realize bring foot unit many low herself office.,Sad,S952,Someone Like You,Adele,Pop,67,Melancholic,Low,Low
Be enjoy early receive.,Relaxed,S953,Weightless,Marconi Union,Ambient,50,Calm,Low,Low
Lot hard staff between computer police million.,Motivated,S954,Eye of the Tiger,Survivor,Rock,109,Energetic,High,Medium
Yard born form strong ability federal.,Happy,S955,Happy,Pharrell Williams,Pop,160,Joyful,High,High
List feeling thus her senior list treat song.,Relaxed,S956,Clair de Lune,Debussy,Classical,60,Soothing,Low,Low
Believe young name able.,Happy,S957,Happy,Pharrell Williams,Pop,160,Joyful,High,High
Find democratic last senior house thank.,Relaxed,S958,Clair de Lune,Debussy,Classical,60,Soothing,Low,Low
Beautiful question service pay get subject base.,Happy,S959,Happy,Pharrell Williams,Pop,160,Joyful,High,High
Protect onto man speak.,Sad,S960,Fix You,Coldplay,Rock,75,Emotional,Low,Medium
Speak sister window green less activity.,Motivated,S961,Eye of the Tiger,Survivor,Rock,109,Energetic,High,Medium
Bar it bad.,Relaxed,S962,Weightless,Marconi Union,Ambient,50,Calm,Low,Low
Action member civil film research.,Happy,S963,Happy,Pharrell Williams,Pop,160,Joyful,High,High
Bit stuff trip.,Happy,S964,Uptown Funk,Bruno Mars,Funk,115,Energetic,High,High
Growth tend thank soldier exist serious.,Happy,S965,Happy,Pharrell Williams,Pop,160,Joyful,High,High
Past record represent decade quality remember.,Relaxed,S966,Weightless,Marconi Union,Ambient,50,Calm,Low,Low
Spring himself while cultural owner become.,Happy,S967,Uptown Funk,Bruno Mars,Funk,115,Energetic,High,High
Home money example yourself onto fact.,Sad,S968,Fix You,Coldplay,Rock,75,Emotional,Low,Medium
Commercial difference do.,Motivated,S969,Eye of the Tiger,Survivor,Rock,109,Energetic,High,Medium
Industry room fine method dark.,Happy,S970,Happy,Pharrell Williams,Pop,160,Joyful,High,High
Race heavy country best church article.,Sad,S971,Fix You,Coldplay,Rock,75,Emotional,Low,Medium
Right left create mind focus concern stay.,Relaxed,S972,Clair de Lune,Debussy,Classical,60,Soothing,Low,Low
Then far follow worry.,Sad,S973,Someone Like You,Adele,Pop,67,Melancholic,Low,Low
Vote front boy scientist project mention.,Motivated,S974,Stronger,Kanye West,Hip-Hop,130,Powerful,High,High
List hundred back get rate.,Happy,S975,Uptown Funk,Bruno Mars,Funk,115,Energetic,High,High
Quite reflect add nature minute quickly cultural consider.,Relaxed,S976,Clair de Lune,Debussy,Classical,60,Soothing,Low,Low
According present during trade.,Relaxed,S977,Weightless,Marconi Union,Ambient,50,Calm,Low,Low
Record probably card floor argue voice.,Motivated,S978,Stronger,Kanye West,Hip-Hop,130,Powerful,High,High
Picture charge someone popular medical individual.,Relaxed,S979,Clair de Lune,Debussy,Classical,60,Soothing,Low,Low
Author suddenly teach.,Motivated,S980,Eye of the Tiger,Survivor,Rock,109,Energetic,High,Medium
Popular remain evidence sell member save.,Relaxed,S981,Clair de Lune,Debussy,Classical,60,Soothing,Low,Low
Hard choose less notice enough.,Motivated,S982,Eye of the Tiger,Survivor,Rock,109,Energetic,High,Medium
Tonight chance Mr probably something.,Relaxed,S983,Weightless,Marconi Union,Ambient,50,Calm,Low,Low
Medical yet TV ready too not.,Relaxed,S984,Weightless,Marconi Union,Ambient,50,Calm,Low,Low
Hot laugh hand on statement.,Happy,S985,Uptown Funk,Bruno Mars,Funk,115,Energetic,High,High
Bag of participant week page.,Happy,S986,Uptown Funk,Bruno Mars,Funk,115,Energetic,High,High
Senior yes citizen issue professional part.,Relaxed,S987,Clair de Lune,Debussy,Classical,60,Soothing,Low,Low
Either seat catch great.,Relaxed,S988,Clair de Lune,Debussy,Classical,60,Soothing,Low,Low
Probably leave today during.,Happy,S989,Happy,Pharrell Williams,Pop,160,Joyful,High,High
Him audience agree believe Mrs focus.,Sad,S990,Someone Like You,Adele,Pop,67,Melancholic,Low,Low
Close action here forward economic action.,Sad,S991,Someone Like You,Adele,Pop,67,Melancholic,Low,Low
Pick move forward member dark total agent.,Sad,S992,Fix You,Coldplay,Rock,75,Emotional,Low,Medium
Response rate drug sense present.,Motivated,S993,Eye of the Tiger,Survivor,Rock,109,Energetic,High,Medium
But seek instead before report individual cost raise.,Sad,S994,Someone Like You,Adele,Pop,67,Melancholic,Low,Low
Buy hold energy.,Happy,S995,Happy,Pharrell Williams,Pop,160,Joyful,High,High
Where carry sit argue through street.,Relaxed,S996,Clair de Lune,Debussy,Classical,60,Soothing,Low,Low
Agreement state up hope free manage outside.,Happy,S997,Happy,Pharrell Williams,Pop,160,Joyful,High,High
Particular else challenge ball.,Relaxed,S998,Clair de Lune,Debussy,Classical,60,Soothing,Low,Low
Much level someone.,Relaxed,S999,Weightless,Marconi Union,Ambient,50,Calm,Low,Low
Appear the two score.,Relaxed,S1000,Weightless,Marconi Union,Ambient,50,Calm,Low,Low
